id,domain,status,purchase_price,renewal_price,attractiveness,demand,length,registrar,created_at,expires_at,status_verified_at
1dd89fa5-d267-44b8-88b9-8840b8762680,pasadena.construction,available,8.75,31.41,high,low,8,porkbun,,,29/09/2026 19:55
61549141-549d-4145-bba3-de69a205d2b9,bartholin.construction,available,38.99,38.99,medium,low,9,namesilo,,,22/09/2026 09:14
a0a316bd-ec63-4186-8b08-2ff929a8784f,choral.construction,available,15.99,50.99,high,low,6,name.com,,,12/08/2026 07:03
781651c9-6e4e-46b8-88ac-34a0bd09aa73,rendering.construction,available,8.75,31.41,high,low,9,porkbun,,,29/09/2026 19:21
f43b7129-5eaf-4de7-8e8c-21b9bc99a132,collector.construction,available,40.98,50.98,high,low,9,namecheap,,,16/09/2026 23:18
4cc25afe-f959-42ab-989f-1e6c13597b75,troika.construction,available,15.99,50.99,high,low,6,name.com,,,
64173058-4118-4e3e-ac75-45f223589cbf,sabine.construction,available,38.99,38.99,high,medium,6,namesilo,,,09/09/2026 20:34
ba457aef-2496-49c8-89b9-c2e42bc79ea7,canonic.construction,available,15.99,50.99,high,low,7,name.com,,,11/08/2026 17:22
a6649b22-71b8-48cf-91dd-ea140b420ae3,halls.construction,available,8.75,31.41,high,low,5,porkbun,,,28/09/2026 13:17
3d7817c4-a73d-4905-8e44-17e4d74795d1,till.construction,available,31.25,31.25,high,low,4,spaceship,,,28/09/2026 05:18
f0ae36f1-047d-4a35-b9f3-5d21c95e6b4f,bernoulli.construction,available,38.99,38.99,medium,low,9,namesilo,,,23/09/2026 09:57
5b177566-685b-48b9-88c9-9e36797eebf4,alkaloid.construction,available,38.99,38.99,medium,low,8,namesilo,,,18/09/2026 08:21
f6440024-bdd7-4d75-a285-fc1431ac91dd,thief.construction,available,15.99,,high,low,5,name.com,,,
caad2474-4653-4ab3-9fb7-63cc93ceb67f,rowing.construction,available,31.25,31.25,high,low,6,spaceship,,,29/09/2026 20:14
8381cd38-081e-40d6-a1e2-173b51fa8a3c,efforts.construction,available,38.99,38.99,medium,low,7,namesilo,,,27/09/2026 22:23
72f8bf69-f32d-47ed-a866-7af712eab4b2,benzene.construction,available,40.98,50.98,high,low,7,namecheap,,,23/09/2026 08:52
4e845118-e298-4604-a991-512e82f9e3e4,veracious.construction,available,38.99,38.99,high,low,9,namesilo,,,13/09/2026 02:19
2d842f16-c9bc-4d9d-a7c4-8a40a94dc4a8,below.construction,available,38.99,38.99,high,low,5,namesilo,,,24/09/2026 12:01
d0cdbd04-3700-4e57-8b4d-dc7b60722cfc,peaches.construction,available,38.99,38.99,medium,low,7,namesilo,,,29/09/2026 11:22
19544e77-4f33-4a92-98f1-30f6156734ad,waterloo.construction,available,40.98,50.98,high,low,8,namecheap,,,22/09/2026 16:19
067c9c2d-044b-4267-bd9d-d3e51da5e7a7,sprung.construction,available,38.99,38.99,high,low,6,namesilo,,,29/09/2026 14:17
4297e5c3-1dd4-4bc1-9f34-cdf1f0288267,amsonia.construction,available,38.99,38.99,medium,low,7,namesilo,,,19/09/2026 00:00
4a4f05a0-639a-47a1-b5b3-62ce098c6ee0,alaric.construction,available,38.99,38.99,high,low,6,namesilo,,,18/09/2026 01:52
9e0cb213-1469-49ec-8d63-01114bb075ea,diazo.construction,available,15.99,50.99,medium,low,5,name.com,,,14/08/2026 06:23
fdc54a98-0104-42a5-aa26-ef2c05a1d6c7,cultures.construction,available,30.2,30.2,medium,low,8,cloudflare,,,28/09/2026 23:32
28d6499e-eea5-4c25-95aa-0b29371394fa,chances.construction,available,38.99,38.99,medium,low,7,namesilo,,,25/09/2026 16:56
96f7543a-abf5-43d4-b432-ddee50154261,martian.construction,available,15.99,50.99,high,low,7,name.com,,,24/08/2026 16:37
9183eba1-08cf-49a3-b281-eae670eaf7ab,pancake.construction,available,38.99,38.99,high,low,7,namesilo,,,22/09/2026 14:28
880e58f5-d7fd-4c86-87ed-d0658affc642,duval.construction,available,8.75,31.41,medium,low,5,porkbun,,,28/09/2026 11:57
9450eb99-7df6-43bc-9901-b6a4ff91e812,racine.construction,available,38.99,38.99,high,low,6,namesilo,,,28/09/2026 02:12
b52f16dd-d5db-4140-8e8d-3fc02daef5b5,strap.construction,available,38.99,38.99,high,low,5,namesilo,,,28/09/2026 10:12
d8284f15-4b49-4211-9f0b-a90b9e3739b7,okey.construction,available,38.99,38.99,medium,low,4,namesilo,,,03/09/2026 23:19
77beb826-916f-4ebc-9c90-248dd801f87b,pods.construction,available,38.99,38.99,medium,low,4,namesilo,,,30/09/2026 00:30
2b3485ca-9efa-4bbe-a74f-7d46016ddaaa,pertinence.construction,available,40.98,50.98,medium,low,10,namecheap,,,19/09/2026 21:52
8a0518d3-644e-4ddf-b40b-583f771cd139,privy.construction,available,15.99,50.99,high,low,5,name.com,,,09/09/2026 02:12
d914e347-cc3e-433f-9e99-3fdc121ed507,pathology.construction,available,31.25,31.25,high,low,9,spaceship,,,29/09/2026 01:49
040412c4-b383-4801-be32-37cc50bd1035,dividing.construction,available,31.25,31.25,medium,low,8,spaceship,,,29/09/2026 08:50
257af339-3fc4-4ac3-ada8-56888fba0535,available.construction,available,38.99,38.99,high,low,9,namesilo,,,22/09/2026 14:22
bfe72007-3fd0-4a4c-8356-cd26985d68d0,barbican.construction,available,38.99,38.99,medium,low,8,namesilo,,,22/09/2026 04:18
bd862e60-fbd0-4f18-831e-7ee98da05111,triune.construction,available,40.98,50.98,medium,low,6,namecheap,,,11/09/2026 20:12
fd1a4aa0-3128-43df-a37b-a27aadb62a17,attender.construction,available,15.99,50.99,medium,low,8,name.com,,,07/08/2026 15:17
0d15646b-6132-4e6f-b5ca-8beb07a9db02,residential.construction,resell,,,high,low,11,,,,29/09/2026 03:03
494f9c58-81ed-4fd8-bfd7-cbba52ba1ee6,conical.construction,available,15.99,50.99,high,low,7,name.com,,,12/08/2026 20:41
e1818985-bec0-4c45-9a30-71e3c5997fc2,embodied.construction,available,15.99,50.99,high,low,8,name.com,,,16/08/2026 09:35
6db9fdc6-0e1b-48bd-bba7-8489dd86ff46,ranked.construction,available,15.99,50.99,high,low,6,name.com,,,20/08/2026 17:38
0b6ad6cf-a1e1-43ce-8b77-442e2ee1debd,ailing.construction,available,15.99,50.99,high,low,6,name.com,,,
a234e4fa-20d7-4499-9772-9c9db7fdcf2f,tactic.construction,available,31.25,31.25,high,low,6,spaceship,,,29/09/2026 07:31
33848b07-36ca-4870-9adc-6ab61206eb49,motional.construction,available,15.99,50.99,medium,low,8,name.com,,,25/08/2026 07:22
a62de464-9b55-421e-a55e-52f72f5e1afc,bonk.construction,available,38.99,38.99,high,low,4,namesilo,,,22/09/2026 10:31
19fbd558-0176-4bf7-80e2-0d407dceaad8,domination.construction,available,40.98,50.98,high,low,10,namecheap,,,24/09/2026 23:26
2ae05497-cb2e-46ca-af80-f58c7a824286,cultivars.construction,available,38.99,38.99,low,low,9,namesilo,,,28/09/2026 00:23
5fb4b327-a355-4fba-8bf6-7d9f2cf8d0e6,agencies.construction,available,30.2,30.2,low,low,8,cloudflare,,,28/09/2026 23:07
e1a8ecb3-5e6c-4219-ab3b-18fec16c88a0,hue.construction,premium,,,high,low,3,,,,29/09/2026 18:19
5406851a-3942-4b89-9ccc-9a9840989331,males.construction,available,38.99,38.99,medium,low,5,namesilo,,,18/09/2026 00:29
92534a71-db0f-4f9c-be9a-10e289b4e3a1,bilberry.construction,available,38.99,38.99,medium,low,8,namesilo,,,23/09/2026 15:37
d9fbeed1-c35b-4d49-aa6a-07f2df796a34,dispersed.construction,available,15.99,50.99,medium,low,9,name.com,,,14/08/2026 11:56
cda66c6a-6774-433a-b710-45516e941cfb,forgiveness.construction,available,8.75,31.41,high,low,11,porkbun,,,28/09/2026 08:15
80d21cef-ff4e-4ed3-8555-010f62835216,beachhead.construction,available,40.98,50.98,medium,low,9,namecheap,,,22/09/2026 19:08
07efbb6a-b184-4724-ba97-992a5d5ea62c,xvii.construction,available,38.99,38.99,high,low,4,namesilo,,,21/09/2026 11:53
f9af2bc1-58cf-4183-bfc7-90ea74449734,cantonal.construction,available,15.99,50.99,medium,low,8,name.com,,,11/08/2026 17:44
7791b449-f4a5-48c5-bad0-1a10bafc17d1,leukaemia.construction,available,38.99,38.99,medium,low,9,namesilo,,,24/09/2026 11:59
ccefc2d2-b3d6-4462-a23f-adb205848374,ellipse.construction,available,15.99,50.99,high,low,7,name.com,,,04/09/2026 19:52
10eb345a-828d-4f97-8407-3275875f0d20,guitar.construction,available,8.75,31.41,high,low,6,porkbun,,,29/09/2026 21:44
b36f5480-792b-414b-a5e1-5b253d8fef3f,commix.construction,available,15.99,50.99,medium,low,6,name.com,,,
c684caa8-697b-4364-b1e6-7ce711befa13,zymotic.construction,available,38.99,38.99,medium,low,7,namesilo,,,13/09/2026 15:57
b5454ffc-5b89-4ee9-bafa-6ce417949b59,credible.construction,available,15.99,50.99,high,low,8,name.com,,,09/08/2026 12:56
aa24bffc-39b3-45f6-8f0f-539abe9b5c55,quieted.construction,available,38.99,38.99,medium,low,7,namesilo,,,20/09/2026 16:24
bce40619-e332-471d-81f8-2b4d24e54256,obscenity.construction,available,40.98,50.98,medium,low,9,namecheap,,,22/09/2026 16:47
becd2095-5be5-4ec9-9956-c08d5b79f797,der.construction,premium,72.6,72.6,medium,low,3,dynadot,,,28/09/2026 20:56
56fab504-3bcd-458c-b733-04da30e0927f,bindweed.construction,available,38.99,38.99,medium,low,8,namesilo,,,23/09/2026 17:12
adb1a9b2-951d-4cb8-91e0-102140f1b8b7,alarmism.construction,available,38.99,38.99,medium,low,8,namesilo,,,18/09/2026 01:58
650dabdc-e10d-40ba-a1fb-3de5e708ce30,alienate.construction,available,15.99,50.99,medium,low,8,name.com,,,
e8d90712-7a24-489a-af58-74a25118225a,westerly.construction,available,38.99,38.99,medium,low,8,namesilo,,,13/09/2026 10:53
2624b1dc-d7a0-4630-bf7b-21ff15532318,romish.construction,available,38.99,38.99,medium,low,6,namesilo,,,05/09/2026 01:30
12fefd2b-71c4-47b2-bcbf-5c98e22c5a8c,beautician.construction,available,40.98,50.98,high,low,10,namecheap,,,22/09/2026 22:22
448637a2-f31a-4a4e-82ff-fbe88b7f5158,ado.construction,premium,78.54,78.54,high,low,3,namesilo,,,17/09/2026 09:17
e756080a-5960-4f11-8251-ebf6f99382ef,textbook.construction,available,38.99,38.99,high,low,8,namesilo,,,23/09/2026 13:09
99434866-04af-4bfb-8fce-82e42d743e7b,factors.construction,available,38.99,38.99,medium,low,7,namesilo,,,29/09/2026 10:49
47016316-ceb5-4eeb-a2f6-08c5ec02df0d,amplifying.construction,available,40.98,50.98,medium,low,10,namecheap,,,17/09/2026 20:45
13aad30a-5164-4c8f-8bc6-c4c7ec652c7c,byzantine.construction,available,15.99,50.99,high,low,9,name.com,,,11/08/2026 12:12
782e22a2-4f33-4c08-99ed-27c95b8aaa74,arng.construction,available,40.98,50.98,medium,low,4,namecheap,,,20/09/2026 08:02
bfe4bf2b-df91-4000-baf6-969f8f4716c8,hits.construction,available,38.99,38.99,high,low,4,namesilo,,,19/09/2026 23:53
e13acd11-9cd3-4f1c-b991-63d3ef155b9f,treats.construction,available,38.99,38.99,high,low,6,namesilo,,,28/09/2026 05:00
0a889059-31eb-4d6d-bfc3-71eb3c4d48ca,swap.construction,available,40.98,50.98,high,medium,4,namecheap,,,29/09/2026 01:19
4b73068b-1787-4666-bd9b-7ad52cfc90bd,friendly.construction,available,31.25,31.25,high,low,8,spaceship,,,29/09/2026 08:43
b06ef20e-5444-41b3-9d78-4f00adf062fb,topmost.construction,available,38.99,38.99,medium,low,7,namesilo,,,11/09/2026 17:46
1eb4268d-79f8-493f-b261-63dffbd9110a,laurie.construction,available,38.99,38.99,high,low,6,namesilo,,,25/09/2026 17:15
66517163-da51-4b7a-a04b-8808daa222e7,majorities.construction,available,38.99,38.99,medium,low,10,namesilo,,,29/09/2026 05:40
d0742c18-6862-497e-bc82-ceeeea5ce7fb,jelly.construction,available,40.98,50.98,high,low,5,namecheap,,,30/09/2026 00:47
1b6263a7-9cb3-40a5-9c98-19c4cc6c0c68,elam.construction,available,38.99,38.99,medium,low,4,namesilo,,,30/09/2026 01:29
17935b7c-74ed-4d0d-9a6e-7b42313eb4dc,holdup.construction,available,38.99,38.99,medium,low,6,namesilo,,,20/09/2026 06:37
c413b4e8-9bda-4571-8d19-d8eef7eb629c,petals.construction,available,38.99,38.99,medium,low,6,namesilo,,,29/09/2026 17:41
67cab189-c0e3-448b-898f-319f025ebb6c,tape.construction,available,15.99,,high,low,4,name.com,,,
f4a6dd21-76ac-461f-9eb6-840276e9420a,sailed.construction,available,40.98,50.98,high,low,6,namecheap,,,17/09/2026 07:33
874f10ca-9f35-4cc2-be19-cb1d2bbbcf4c,formulary.construction,available,15.99,50.99,high,low,9,name.com,,,18/08/2026 12:20
ac15d4ce-de11-4c3a-aea4-0f3b7a9b3812,acanthurus.construction,available,15.99,50.99,medium,low,10,name.com,,,16/09/2026 20:58
23322d39-8b06-4f84-be29-6174a0dfc62e,naming.construction,available,30.2,30.2,high,low,6,cloudflare,,,28/09/2026 08:38
3bf300e1-2e04-45ac-b3a7-09335a5d1e26,hat.construction,premium,260,260,high,low,3,namecheap,,,19/09/2026 16:21
de7b4412-9f83-439a-9c7c-5619dd2a7807,stylised.construction,available,15.99,50.99,high,low,8,name.com,,,12/08/2026 23:48
1cbdd622-90ad-41b3-8c1c-2d45addaa55b,nmr.construction,available,38.99,38.99,high,low,3,namesilo,,,28/09/2026 06:29
8afd4678-922d-4334-a77c-1a888dadc1ae,omit.construction,available,15.99,,high,low,4,name.com,,,
e5970389-0b13-4382-9e3d-c997daf8cc42,haply.construction,available,38.99,38.99,medium,low,5,namesilo,,,14/09/2026 04:36
0cefb210-3dee-48c3-9147-eba6f321c396,nebulose.construction,available,15.99,50.99,medium,low,8,name.com,,,12/08/2026 12:43
9fdcc022-dd7f-40ef-bae4-1d75925bc81a,renewing.construction,available,38.99,38.99,high,low,8,namesilo,,,09/09/2026 14:06
39012e58-e44f-45bd-af48-1b626901b792,list.construction,available,38.99,38.99,high,low,4,namesilo,,,25/09/2026 13:18
872fbfc5-ea64-4995-b9e3-ba1a039e1c18,capsulate.construction,available,15.99,50.99,medium,low,9,name.com,,,11/08/2026 18:10
f077b1f9-649d-4478-b04a-891719c4c39b,fatigued.construction,available,15.99,50.99,medium,low,8,name.com,,,14/08/2026 14:49
402615ea-5955-4ac3-bf40-cb56ba0ae567,stemmed.construction,available,15.99,50.99,high,low,7,name.com,,,11/08/2026 22:33
cec6ad9b-5a63-4d2f-9379-5892386e09fe,keychains.construction,available,38.99,38.99,medium,low,9,namesilo,,,21/09/2026 02:44
44755b1d-39e8-48c7-bb9d-88e1e3904b9e,gromyko.construction,available,38.99,38.99,medium,low,7,namesilo,,,19/09/2026 04:28
c22a056d-7fb0-45e6-8452-4d06b8613ba9,lawyers.construction,available,40.98,50.98,medium,low,7,namecheap,,,25/09/2026 20:58
3eb74ee7-fdf3-4492-8da1-84a714093901,piston.construction,available,15.99,,high,low,6,name.com,,,
1109bb00-24c8-48f9-90d4-9e72057f2ee4,bumbling.construction,available,15.99,50.99,medium,low,8,name.com,,,11/08/2026 09:34
90f3e665-70fb-4092-a580-13ad29e75003,astrakhan.construction,available,38.99,38.99,medium,low,9,namesilo,,,20/09/2026 17:31
3c7a55f3-147f-4b14-8c12-c7b5c6c6c667,preference.construction,available,38.99,38.99,high,low,10,namesilo,,,29/09/2026 16:57
b5148b30-dc6c-4385-8dcf-4a9ad0f34c68,loose.construction,available,38.99,38.99,medium,low,5,namesilo,,,22/09/2026 10:42
9d4bd1ed-d6b0-4eda-9530-7ce0012fe37b,curtis.construction,premium,78.54,78.54,high,low,6,namesilo,,,25/09/2026 04:28
f4d30bdc-6e61-4622-9c61-b308df158b4a,curly.construction,available,15.99,50.99,high,low,5,name.com,,,13/08/2026 11:23
ecca2d2e-1b68-49ab-b3cd-dbbf859e4684,anopheles.construction,available,40.98,50.98,medium,low,9,namecheap,,,19/09/2026 11:39
f65fbe9b-ae7d-4a9d-8800-fb9640e103f1,dreamer.construction,available,38.99,38.99,high,low,7,namesilo,,,24/09/2026 23:59
7ec57e6d-8b69-4764-ad7e-6e36b93e89cc,resists.construction,available,40.98,50.98,medium,low,7,namecheap,,,18/09/2026 10:58
4926e182-e11e-4d33-a0c5-58b9931c833b,hla.construction,available,8.78,32.21,high,low,3,dynadot,,,29/09/2026 09:14
27a466e5-79e8-43b5-a702-c56a8b7754a1,prepared.construction,available,38.99,38.99,high,low,8,namesilo,,,24/09/2026 11:20
a9c93fb8-9d58-47c6-b4d3-249e82151edf,fleeing.construction,available,31.25,31.25,medium,low,7,spaceship,,,29/09/2026 03:23
3d68bf75-ad68-44be-9598-4be470525e55,trollope.construction,available,38.99,38.99,medium,low,8,namesilo,,,19/09/2026 13:43
294b2679-1c4e-4e85-94e8-fea80f95c6e9,isaac.construction,available,40.98,50.98,high,low,5,namecheap,,,28/09/2026 19:31
f2b86e97-df16-4db2-adbd-f61986d11237,zip.construction,premium,242,242,high,low,3,namesilo,,,03/09/2026 22:43
d1b215c0-de23-4247-8cd9-9f9972a70285,jowly.construction,available,15.99,50.99,medium,low,5,name.com,,,14/08/2026 16:48
cf7f09dd-a5c1-4103-8a1a-1c4103ee3d8c,ghetto.construction,available,31.25,31.25,high,low,6,spaceship,,,27/09/2026 13:47
4ee2bb54-4386-47d2-b8ab-4d076abf6abf,homewards.construction,available,15.99,50.99,medium,low,9,name.com,,,21/08/2026 11:24
0cc7e8ee-dcc4-4280-a0c3-12d9348dcc48,ergonomic.construction,available,15.99,50.99,high,low,9,name.com,,,17/08/2026 12:11
03656efe-63fc-418c-a093-4dd18b85a5de,lengthy.construction,available,15.99,50.99,medium,low,7,name.com,,,14/08/2026 18:32
0e33f1fc-eca7-4993-81e7-131fc41b798d,note.construction,available,30.2,30.2,high,medium,4,cloudflare,,,28/09/2026 21:29
2ef74936-044d-41fa-8b0d-b72c2451618d,belorussia.construction,available,38.99,38.99,medium,low,10,namesilo,,,23/09/2026 04:27
52ce6842-18f1-4092-9cd5-96a832c4a833,unaware.construction,available,15.99,50.99,medium,low,7,name.com,,,22/08/2026 01:38
0fc2bcef-c3b3-4ea0-b4b9-e3757c676359,oversewn.construction,available,38.99,38.99,medium,low,8,namesilo,,,04/09/2026 21:48
726236c0-0184-4abe-a1fb-459276114240,participate.construction,available,8.75,31.41,high,low,11,porkbun,,,28/09/2026 07:01
194cdcf1-8f86-4390-a3f9-f6f2e6c60ff4,malden.construction,available,30.2,30.2,medium,low,6,cloudflare,,,29/09/2026 15:07
3173d06c-6cab-4aa7-ab51-6e2ba046212f,assigning.construction,available,38.99,38.99,high,low,9,namesilo,,,20/09/2026 16:26
a562953b-6843-4ad6-baae-f01e87006dc1,oriental.construction,available,40.98,50.98,high,low,8,namecheap,,,04/09/2026 17:51
1da401a0-48a9-409d-bdab-1689dd035820,ropeway.construction,available,40.98,50.98,high,low,7,namecheap,,,17/09/2026 12:50
5f0b0778-4d11-4efa-85c9-d80ff1952f0c,blank.construction,available,40.98,50.98,high,medium,5,namecheap,,,22/09/2026 21:48
7967157e-3a60-4263-8581-ea51c6586ba5,acedia.construction,available,38.99,38.99,medium,low,6,namesilo,,,16/09/2026 23:26
a423a3d7-b3f8-4677-abf1-e0ce43d60fb4,diocese.construction,available,40.98,50.98,high,low,7,namecheap,,,23/09/2026 21:58
89ca906e-4bab-4fab-9695-7e2176fadf05,strip.construction,available,38.99,38.99,high,low,5,namesilo,,,24/09/2026 05:53
45893e41-e93b-49cd-b9ea-a8495b68e688,macquarie.construction,available,31.25,31.25,high,low,9,spaceship,,,29/09/2026 09:16
0fd960ca-9693-4c8b-95c7-c12ee7dbc74b,sealed.construction,available,31.25,31.25,high,low,6,spaceship,,,27/09/2026 18:59
a3e6d0f6-076e-4830-9302-56dcfd019aa0,converting.construction,available,31.25,31.25,medium,low,10,spaceship,,,29/09/2026 23:06
d478ff80-a1a8-4c07-9d18-3e3127cf6837,systemic.construction,available,38.99,38.99,high,low,8,namesilo,,,11/09/2026 06:46
e1c613ef-b9a1-47c0-8a04-8588d438600b,mutinous.construction,available,38.99,38.99,medium,low,8,namesilo,,,03/09/2026 11:55
78801e12-47fb-464f-9785-2f45b7f46b06,cartagena.construction,available,38.99,38.99,medium,low,9,namesilo,,,29/09/2026 00:21
45cbd753-7b2a-4dc7-9d88-9f93005812c0,songbird.construction,available,15.99,,high,low,8,name.com,,,
6c5439a9-6f3c-4925-bc8d-45338b4cfc08,bronson.construction,available,38.99,38.99,medium,low,7,namesilo,,,28/09/2026 16:48
bb1d4d39-63f1-43ca-9429-ff53da18f1b3,obsessive.construction,available,38.99,38.99,high,low,9,namesilo,,,25/09/2026 23:45
2125127b-5238-450d-b7ba-53fe2f4cf3fb,campsite.construction,available,40.98,50.98,high,low,8,namecheap,,,24/09/2026 11:55
9fbf820d-b69e-4405-b76b-4d549ca37609,shia.construction,available,40.98,50.98,medium,low,4,namecheap,,,29/09/2026 02:12
9a13bd1c-e8bd-458f-855a-0acfc9300829,junky.construction,available,38.99,38.99,high,low,5,namesilo,,,17/09/2026 06:52
6228c5d0-6eea-4b87-864a-6a687e093452,recluse.construction,available,38.99,38.99,high,low,7,namesilo,,,09/09/2026 11:38
ccb5220b-cda5-4e18-8428-281b28d05a64,tamil.construction,available,38.99,38.99,high,low,5,namesilo,,,11/09/2026 07:48
d404b6ec-df8d-42a4-b5d8-380993869c8e,forsooth.construction,available,40.98,50.98,low,low,8,namecheap,,,14/09/2026 19:55
d91a0c00-8667-4049-8f79-8bcdc76fc173,disadvantage.construction,available,15.99,,high,low,12,name.com,,,
0614b36e-6caf-4803-bc78-f696978fe613,polythene.construction,available,15.99,,high,low,9,name.com,,,
1047c7f5-b6bc-4500-b639-4149e40f0bea,actuate.construction,available,38.99,38.99,high,low,7,namesilo,,,09/09/2026 03:15
d684436c-feaa-42e2-b979-4fe018662840,ionised.construction,available,15.99,50.99,medium,low,7,name.com,,,22/08/2026 09:33
d762cc82-8ca7-4a43-98c0-0b8afacab228,soursop.construction,available,40.98,50.98,high,low,7,namecheap,,,19/09/2026 10:36
6a334e1b-f865-41ef-80fe-3faa298ab246,routine.construction,available,40.98,50.98,high,low,7,namecheap,,,24/09/2026 15:39
0a1ede8f-8810-4e9c-ac39-645717c9d372,omega.construction,available,,,high,high,5,,,,
147499eb-8db4-4be1-abcc-96891fffe865,whipple.construction,available,40.98,50.98,medium,low,7,namecheap,,,28/09/2026 16:10
f7c9ab36-cbc5-437e-b802-ef11bd4d67f8,barrack.construction,available,38.99,38.99,high,low,7,namesilo,,,22/09/2026 07:48
e9e684aa-d240-46a8-8c3c-30b568be0a83,four.construction,available,38.99,38.99,high,low,4,namesilo,,,21/09/2026 13:11
ed918dde-d0fb-4d3d-9aa1-fa87fb25a9cd,bumped.construction,available,30.2,30.2,medium,low,6,cloudflare,,,29/09/2026 21:29
235a2b28-6070-4c09-8068-1792177bd1ff,religion.construction,available,31.25,31.25,high,low,8,spaceship,,,29/09/2026 18:54
f6e86733-21ed-4754-88a2-43e32b2759b2,alchemist.construction,available,38.99,38.99,high,low,9,namesilo,,,18/09/2026 03:58
7b373b90-c821-4ce5-b43c-1333fb43fa39,skint.construction,available,15.99,50.99,medium,low,5,name.com,,,11/08/2026 05:21
526f1999-ce18-4295-ba73-209b77debdbe,fifties.construction,available,38.99,38.99,high,low,7,namesilo,,,16/09/2026 12:10
41f5a801-dc8f-422b-9775-60f958070b11,touchdowns.construction,available,38.99,38.99,medium,low,10,namesilo,,,19/09/2026 23:06
e189eb50-aead-422a-bd40-77009f75878f,flexible.construction,available,40.98,50.98,high,low,8,namecheap,,,23/09/2026 18:12
ca51b94b-4529-49b4-8724-79f9383c3847,mirrors.construction,available,40.98,50.98,medium,low,7,namecheap,,,28/09/2026 12:55
78486f48-829d-4517-91c7-42ddcd8ebe01,boreas.construction,available,40.98,50.98,high,low,6,namecheap,,,03/09/2026 21:36
c1671360-4635-4a2e-8118-6707ae5c1211,certify.construction,available,15.99,50.99,high,low,7,name.com,,,24/08/2026 15:04
f7fce8d1-ae50-480a-8ce5-3dac585c8193,portuguese.construction,available,38.99,38.99,high,low,10,namesilo,,,25/09/2026 15:43
a6b4c82f-751c-48f2-ba35-d6e2bb5fcbac,jingle.construction,available,38.99,38.99,high,low,6,namesilo,,,29/09/2026 06:41
27e6f3cb-c525-4d5e-af70-15db4492c7c1,zola.construction,available,38.99,38.99,high,low,4,namesilo,,,29/09/2026 12:10
949091ee-2076-41dd-bedb-37c77b68aa83,stocky.construction,available,15.99,50.99,high,low,6,name.com,,,21/08/2026 05:33
cadcd901-7dac-4b6b-8f45-0d898b7ff11a,beatable.construction,available,15.99,50.99,medium,low,8,name.com,,,09/08/2026 05:37
adb80807-faea-4a47-8633-4864dd7c6121,suffer.construction,available,31.25,31.25,medium,low,6,spaceship,,,28/09/2026 17:46
f4359f32-2200-47c3-a661-25899f1896b0,hitherto.construction,available,38.99,38.99,medium,low,8,namesilo,,,13/09/2026 21:48
bde84f07-f3d9-401b-b681-76aa4dd24f29,hebraic.construction,available,15.99,50.99,medium,low,7,name.com,,,21/08/2026 05:40
06e69802-58c7-471f-92c8-5d9eb5b16ed6,tantrik.construction,available,38.99,38.99,high,low,7,namesilo,,,11/09/2026 08:07
838325c8-4f51-4e66-b6eb-075483fc1ba9,taking.construction,available,15.99,50.99,high,low,6,name.com,,,18/08/2026 02:22
65fc2406-451c-4c4a-b187-002b91054b99,designed.construction,available,40.98,50.98,high,low,8,namecheap,,,24/09/2026 06:34
43d421cc-7b3e-4b60-88e8-a42a99c4ebc1,divorce.construction,available,15.99,50.99,high,low,7,name.com,,,14/08/2026 11:12
7928e792-7570-466d-948c-832a2f5386a9,guests.construction,available,38.99,38.99,high,low,6,namesilo,,,25/09/2026 17:02
ed94908e-5c9b-4747-a7e4-461cf0e7b6c5,repeats.construction,available,38.99,38.99,medium,low,7,namesilo,,,29/09/2026 17:30
0ca9cbec-724d-4530-8437-bffa1a711ce5,adducent.construction,available,15.99,50.99,medium,low,8,name.com,,,
7ed89ec1-c0b3-4fd7-87bf-dd802e18f42a,advertise.construction,available,8.75,31.41,high,low,9,porkbun,,,29/09/2026 20:39
67d540ba-9760-4486-8b34-803178cc9995,natality.construction,available,40.98,50.98,medium,low,8,namecheap,,,23/09/2026 21:04
04acba78-984a-490b-a55d-2388a4b37090,bihari.construction,available,38.99,38.99,medium,low,6,namesilo,,,23/09/2026 15:31
60992c96-6806-4147-b39b-9cb7e6bedb7b,quirky.construction,available,15.99,50.99,high,low,6,name.com,,,17/08/2026 22:23
00172104-b939-4d0d-83f2-0fcac58e2ebb,bakshish.construction,available,40.98,50.98,medium,low,8,namecheap,,,21/09/2026 15:53
ffe536da-eae1-4a5f-ab4d-05a5bb2b7402,horrified.construction,available,15.99,50.99,medium,low,9,name.com,,,21/08/2026 14:14
1f30f8d4-4415-4f1f-8ec5-e308ed41cbc5,nonpareil.construction,available,15.99,50.99,high,low,9,name.com,,,24/08/2026 17:02
5d084a50-a0ed-4789-b003-1e1126a031c8,treating.construction,available,30.2,30.2,high,low,8,cloudflare,,,28/09/2026 08:47
c9b4dc88-0f4a-4621-8438-2da7817a7b12,overflow.construction,available,15.99,,high,low,8,name.com,,,
d39de1dd-3666-41c0-9be7-3d8ccc84b1dc,chico.construction,available,40.98,50.98,high,low,5,namecheap,,,29/09/2026 18:18
65428b63-0485-4933-9c07-0959c6ac219a,aspect.construction,available,38.99,38.99,high,low,6,namesilo,,,28/09/2026 22:41
373bf954-ffcd-4a17-934e-11732f820bc9,tortured.construction,available,15.99,50.99,medium,low,8,name.com,,,
a3e8a895-155b-4b02-b1d8-f7d51db53605,cartesian.construction,available,15.99,50.99,high,low,9,name.com,,,11/08/2026 19:49
a5e1d924-f520-4124-a889-2caba2e57a29,gari.construction,available,38.99,38.99,high,low,4,namesilo,,,23/09/2026 22:55
bc09cba4-1515-4b3b-a539-2d5e0f85c8a8,fecal.construction,available,15.99,50.99,medium,low,5,name.com,,,17/08/2026 20:38
0b053e3b-7864-43e8-8d43-c1ff8511bd14,zoom.construction,available,30.2,30.2,high,medium,4,cloudflare,,,28/09/2026 15:12
183acb80-a8a9-49f6-8353-0c1c7897c9fa,meteor.construction,available,31.25,31.25,high,low,6,spaceship,,,29/09/2026 01:39
c2cc12e3-96d6-4750-a0a2-cb2e765a39b6,lilian.construction,available,8.75,31.41,medium,low,6,porkbun,,,29/09/2026 22:03
3acac051-133b-4138-ae5d-6f62bf023b63,went.construction,available,15.99,,high,low,4,name.com,,,
9ac28563-0b4c-4969-b61d-c5438b24a9ae,amphibious.construction,available,15.99,50.99,medium,low,10,name.com,,,
368f719e-2930-4c8a-850d-656659adc98f,alarmingly.construction,available,38.99,38.99,low,low,10,namesilo,,,13/09/2026 18:33
f7da6dff-8f3d-4cdd-920e-daa09b92d857,drearily.construction,available,15.99,50.99,medium,low,8,name.com,,,14/09/2026 13:12
d0cb4490-8a55-440f-a5cc-2c745ea1a618,comatose.construction,available,15.99,50.99,medium,low,8,name.com,,,12/08/2026 18:25
d8b5dbaa-e468-4b9a-8e96-153ac4d08ee7,alienation.construction,available,40.98,50.98,high,low,10,namecheap,,,18/09/2026 07:35
a8178593-22ab-47b4-be3f-7789c2d7126c,actor.construction,available,31.25,31.25,high,low,5,spaceship,,,28/09/2026 02:29
7d21a674-c27b-41f6-8d83-70073ed49c51,verdin.construction,available,38.99,38.99,medium,low,6,namesilo,,,21/09/2026 04:27
1362c702-eec5-4d6b-8a7f-1b6b4e0a47f0,soldier.construction,available,15.99,,high,low,7,name.com,,,
614fe60d-9761-4e86-8e80-48d32df23d21,somebody.construction,available,38.99,38.99,high,low,8,namesilo,,,25/09/2026 17:05
1036132c-b5e2-4f4e-b40a-d4bfded5e67f,remarkable.construction,available,15.99,50.99,high,low,10,name.com,,,09/09/2026 13:42
e9b374fc-3e65-4c62-b845-0e46936c29dd,brits.construction,premium,118.8,118.8,high,low,5,namesilo,,,11/08/2026 04:46
a094cc6b-09fb-4884-9393-8ebb62f9d22a,movingly.construction,available,38.99,38.99,medium,low,8,namesilo,,,15/09/2026 15:35
02dfadd0-579e-4eef-a36a-59ce7c939c4c,aberrant.construction,available,15.99,50.99,high,low,8,name.com,,,
669e8b3b-bcdc-4020-a50b-17b26bf2a147,stalled.construction,available,38.99,38.99,medium,low,7,namesilo,,,20/09/2026 17:27
da854fc4-0981-4c0c-bac4-d0ec74a009af,import.construction,available,40.98,50.98,high,low,6,namecheap,,,25/09/2026 18:33
8bfb90de-c87b-4415-b582-4ccdcbd590f8,gareth.construction,available,8.78,32.21,high,low,6,dynadot,,,29/09/2026 21:28
fefa48fe-e533-4a89-84e8-f18538dd7730,assuring.construction,available,15.99,50.99,medium,low,8,name.com,,,07/08/2026 08:31
7f83514d-3106-4c4c-a47b-7f2239f47c66,avocado.construction,available,38.99,38.99,high,low,7,namesilo,,,22/09/2026 14:34
43da3fcc-3642-4b0d-880d-c845d6790c0f,transmit.construction,available,38.99,38.99,high,low,8,namesilo,,,29/09/2026 04:29
6e3016f9-27f1-4d55-a59f-926d63aee14a,aditi.construction,available,40.98,50.98,medium,low,5,namecheap,,,17/09/2026 08:22
afb4e264-af3d-4a1b-a69d-d548c9314261,shaken.construction,available,38.99,38.99,high,low,6,namesilo,,,10/09/2026 05:44
bbd25b10-3424-4c50-906f-f8edb1fa2214,deflation.construction,available,38.99,38.99,medium,low,9,namesilo,,,29/09/2026 13:36
6bc802f3-b634-47e7-a66f-981f139e3ff9,impersonal.construction,available,15.99,50.99,medium,low,10,name.com,,,21/08/2026 22:13
514cf5ab-2fc5-46f4-ab1f-ba8cf631e8cb,lammas.construction,available,40.98,50.98,medium,low,6,namecheap,,,21/09/2026 03:43
52b9b744-a57d-46d1-ad10-40781fc4afde,turning.construction,available,38.99,38.99,high,low,7,namesilo,,,26/09/2026 00:27
c54f2c94-bbc8-45c3-9500-b7a88abc097e,humic.construction,available,15.99,50.99,medium,low,5,name.com,,,21/08/2026 15:14
cf8749b8-8d03-44e2-b491-7fca100d7348,aramean.construction,available,15.99,50.99,medium,low,7,name.com,,,06/08/2026 12:02
a9e8e877-8eae-4ba5-8006-dd9e8e0ffd33,reusable.construction,available,38.99,38.99,high,low,8,namesilo,,,09/09/2026 11:33
dab07bab-71fd-454f-ad00-9b552e3f6636,awesome.construction,available,38.99,38.99,high,medium,7,namesilo,,,22/09/2026 15:04
0c2f7241-ac1b-450b-aeaa-95907f4c4150,tears.construction,available,38.99,38.99,high,low,5,namesilo,,,24/09/2026 02:29
7a99fed1-0897-41c1-8a15-002d07ed8878,leone.construction,available,31.25,31.25,high,low,5,spaceship,,,29/09/2026 19:32
6f50f7c5-099a-408f-98c0-e997bf573358,ideas.construction,available,15.99,,high,low,5,name.com,,,
25efa350-0946-4203-8c43-8c26cd4dd8ac,bilgewater.construction,available,38.99,38.99,medium,low,10,namesilo,,,21/09/2026 23:46
b708d000-a6bb-4942-bd71-faf189cbe61b,offhand.construction,available,15.99,50.99,high,low,7,name.com,,,
f34576e2-14af-4414-9b03-5ef85d3c0738,dais.construction,available,38.99,38.99,high,low,4,namesilo,,,18/09/2026 17:12
9c96dce6-9a6c-42df-b1c0-f19a6e32a185,capital.construction,premium,118.8,118.8,high,medium,7,namesilo,,,28/09/2026 05:00
25f01137-b53f-44ed-9b2c-e81a34f5c815,manuscript.construction,available,31.25,31.25,high,low,10,spaceship,,,28/09/2026 10:05
0484e4f4-8aa8-4c10-9b9e-d015f41504dc,broiled.construction,available,15.99,50.99,medium,low,7,name.com,,,11/08/2026 05:19
8bbbab8a-bbb2-4ab3-b6bc-07a122a1138f,gifted.construction,available,15.99,50.99,high,low,6,name.com,,,18/08/2026 23:27
0ffae188-a752-41e9-bc39-68cd0976f98e,resurgent.construction,available,38.99,38.99,high,low,9,namesilo,,,09/09/2026 13:53
92fbcf9d-a98e-4864-a21f-16f12f91c79f,applied.construction,available,15.99,50.99,high,low,7,name.com,,,06/08/2026 07:11
e5a02acd-716a-4f0d-ab38-0c8c11814b0e,apodictic.construction,available,15.99,50.99,medium,low,9,name.com,,,06/08/2026 01:27
05487b1e-631e-4004-b95c-d559801deef3,serving.construction,available,38.99,38.99,high,low,7,namesilo,,,25/09/2026 23:06
cb7d7348-9097-4b5a-883f-ff942e92e00f,hedged.construction,available,15.99,50.99,medium,low,6,name.com,,,21/08/2026 05:50
4d6cfbfb-a641-4f49-a9e1-d837f42b0cfd,qaeda.construction,available,38.99,38.99,medium,low,5,namesilo,,,18/09/2026 00:59
64aab3e5-5e6a-4ec4-bd25-5ac98ee81c97,unfounded.construction,available,15.99,50.99,medium,low,9,name.com,,,08/08/2026 21:57
46397d61-3440-411c-aec0-ce6bae986d96,lame.construction,available,15.99,50.99,high,low,4,name.com,,,13/08/2026 07:03
d66a7f73-7f91-41a0-b912-891789cd2192,spaghetti.construction,available,38.99,38.99,high,low,9,namesilo,,,28/09/2026 15:23
3a168999-b995-4f17-b98e-6a3dc502348b,oversee.construction,available,15.99,,high,low,7,name.com,,,
148d2d06-26e4-4ecb-914c-8460c9666388,augustus.construction,available,40.98,50.98,high,low,8,namecheap,,,21/09/2026 04:02
f1081c7c-f02f-4478-a51e-dc2eece7bd15,berceuse.construction,available,40.98,50.98,high,low,8,namecheap,,,23/09/2026 09:10
38e6f602-823f-47ab-adbd-a702fbbc9309,morley.construction,available,38.99,38.99,high,low,6,namesilo,,,25/09/2026 05:08
0fe0481e-793d-4b11-94ce-e0e8f68aa498,arizonan.construction,available,38.99,38.99,medium,low,8,namesilo,,,20/09/2026 06:05
21f5baa2-ee01-4398-b914-4d4bdce63c6d,sudanese.construction,available,38.99,38.99,high,low,8,namesilo,,,11/09/2026 01:05
7dd89a7a-e87b-4f7f-b9a5-06cd78652415,knowingly.construction,available,38.99,38.99,high,low,9,namesilo,,,15/09/2026 10:35
9026e709-bea0-4a5a-8ac5-4e64b90ed8a4,mario.construction,available,15.99,,high,low,5,name.com,,,
4c321009-fe55-4e96-beee-36ca50d35971,pediatrist.construction,available,40.98,50.98,high,low,10,namecheap,,,21/09/2026 13:27
74bf34f7-bd76-483a-8539-7e49c1a7f9d1,amalgamate.construction,available,40.98,50.98,high,low,10,namecheap,,,22/09/2026 03:01
8c9b9380-0456-4953-9f22-2df008fdc2fb,acheta.construction,available,38.99,38.99,medium,low,6,namesilo,,,17/09/2026 00:33
f50354d9-0341-4c7a-a032-c9d09fbbadcf,thwack.construction,available,38.99,38.99,medium,low,6,namesilo,,,16/09/2026 02:47
9cc5fd62-5aca-4b2f-9f8f-64b9a2e51274,stepfather.construction,available,8.75,31.41,medium,low,10,porkbun,,,29/09/2026 02:13
207a63ce-d373-4e23-afc7-ce4444130332,dude.construction,available,15.99,50.99,high,low,4,name.com,,,13/08/2026 17:07
c6aaffa2-c450-479c-b6e9-82f421f00e80,flossy.construction,available,15.99,50.99,medium,low,6,name.com,,,14/08/2026 17:44
c5aee0ee-5bd2-4edf-a589-8b25b4bc9d46,boxy.construction,available,15.99,50.99,high,low,4,name.com,,,10/08/2026 23:58
c3bb3910-5f11-4707-b4bc-50aa42bf87a7,six.construction,premium,128.7,128.7,high,low,3,namecheap,,,21/09/2026 13:17
e090150d-1748-4825-bfc0-f22f2ffea91c,boomer.construction,available,38.99,38.99,high,low,6,namesilo,,,21/09/2026 13:18
99370952-d16b-432c-95a7-77aeddf75db8,earthquakes.construction,available,38.99,38.99,medium,low,11,namesilo,,,29/09/2026 23:17
0a50600b-a9a3-49fa-bb6d-01f9c72521b6,superstar.construction,available,8.75,31.41,high,low,9,porkbun,,,28/09/2026 17:57
6c72e8c7-eb23-422b-8726-5a472a0c4978,antithetic.construction,available,15.99,50.99,medium,low,10,name.com,,,05/08/2026 19:49
695aab01-1c9b-4c75-b76f-1c53ef26eb97,chomsky.construction,available,40.98,50.98,medium,low,7,namecheap,,,16/09/2026 12:59
edd2b6e6-8cf2-4d55-ae49-a25aa8323050,newsfeed.construction,available,15.99,50.99,low,low,9,name.com,,,17/09/2026 05:41
4f8a9216-ebaf-4d7e-a970-ec49df3e8244,erroneous.construction,available,15.99,50.99,medium,low,9,name.com,,,17/08/2026 12:56
34448b61-43d2-4c19-8b1b-087324c12369,silicon.construction,available,40.98,50.98,high,low,7,namecheap,,,20/09/2026 22:24
5d1ea81b-89d4-41ac-a992-95bd13889db7,protocols.construction,available,38.99,38.99,medium,low,9,namesilo,,,19/09/2026 04:47
810cc350-2373-4a07-a362-659603ed0ed8,shears.construction,available,15.99,,high,low,6,name.com,,,
27f298a9-402f-4bf6-96b6-85957866f275,advisory.construction,available,15.99,50.99,high,low,8,name.com,,,
269a98b9-4349-4623-ab87-cdb16cdbf93d,philosopher.construction,available,38.99,38.99,high,low,11,namesilo,,,28/09/2026 11:16
7b33ba91-d5b8-4eb8-974e-89dce2c90aeb,dominated.construction,available,38.99,38.99,medium,low,9,namesilo,,,24/09/2026 11:35
62f1fceb-e7a2-47d5-bbd4-8581c5500242,collarbone.construction,available,15.99,,medium,low,11,name.com,,,
b00f8853-8064-4930-b8f9-a9b35240ddec,shadowy.construction,available,38.99,38.99,medium,low,7,namesilo,,,10/09/2026 05:28
b80057db-0c29-4c53-93ec-db856cdb2f9e,curtain.construction,available,8.78,32.21,high,low,7,dynadot,,,29/09/2026 13:08
2e9e9a03-7968-4db0-b33c-77b458a6f411,sluggish.construction,available,38.99,38.99,medium,low,8,namesilo,,,10/09/2026 11:29
2331cf8f-96f8-4b74-967f-be7f9c5b2b36,surrogate.construction,available,38.99,38.99,high,low,9,namesilo,,,22/09/2026 02:27
af6a593b-0b9a-45ca-bcf5-20e58a0e70cd,school.construction,resell,,,high,medium,6,Dynadot Inc,22/02/2026 18:02,22/02/2027 18:02,28/09/2026 04:04
070c77ae-77a8-4ee1-837e-46fc78bd2211,palpatory.construction,available,38.99,38.99,medium,low,9,namesilo,,,05/09/2026 00:12
a67ddcda-b8eb-473c-b625-6e600b2c9812,replacing.construction,available,40.98,50.98,high,low,9,namecheap,,,29/09/2026 02:02
9ca48296-c1a1-4e5b-9da5-5be6a3ebfb31,sculptured.construction,available,15.99,50.99,high,low,10,name.com,,,20/08/2026 18:52
6a0f2565-9a5b-4d95-8d3e-e7460faf2550,operable.construction,available,38.99,38.99,high,low,8,namesilo,,,04/09/2026 16:20
d23219cd-65aa-404b-9c3e-416565c6ae48,nazarene.construction,available,15.99,50.99,high,low,8,name.com,,,14/08/2026 23:06
aeaa54a2-9544-447b-8c18-26f5794e0896,odor.construction,available,38.99,38.99,high,low,4,namesilo,,,20/09/2026 08:25
7b0c2f40-eb16-4ecf-84ef-d42053cccd56,wondered.construction,available,15.99,,high,low,8,name.com,,,
d431bc59-53af-4354-a7ca-4d1c1ad1cf81,antlia.construction,available,38.99,38.99,medium,low,6,namesilo,,,19/09/2026 15:21
bd9346ed-b5bc-47fa-bf4c-982ed2c23372,considerable.construction,available,31.25,31.25,high,low,12,spaceship,,,28/09/2026 07:04
11e6dba8-8eee-4c12-a252-d7c191432c30,luckily.construction,available,40.98,50.98,high,low,7,namecheap,,,13/09/2026 21:22
bef77872-83b3-4a5e-985c-5babf67d926e,roundel.construction,available,15.99,50.99,high,low,7,name.com,,,19/09/2026 11:05
e28ade1f-bd62-4c93-8d7d-16257288f441,remedial.construction,available,38.99,38.99,high,low,8,namesilo,,,22/09/2026 02:24
c1ee7696-56da-42cf-8313-0003cac7c128,pacifist.construction,available,38.99,38.99,high,low,8,namesilo,,,04/09/2026 22:35
5d533acc-a613-4b59-ac4a-8bdc2c1863eb,fascism.construction,available,38.99,38.99,medium,low,7,namesilo,,,30/09/2026 01:35
34d8c996-0b7d-47a7-8e68-56e944faea83,but.construction,premium,128.7,128.7,high,low,3,namecheap,,,25/09/2026 12:23
36f5b2d2-a9a8-4c06-92ba-7ab506b22233,dished.construction,available,15.99,50.99,medium,low,6,name.com,,,14/08/2026 10:52
40d664bd-ef88-4813-a82f-28179a839d3e,chinchy.construction,available,15.99,50.99,low,low,7,name.com,,,12/08/2026 05:42
402d9d9a-b495-4c36-a689-976a4fbbc57b,bezique.construction,available,38.99,38.99,medium,low,7,namesilo,,,23/09/2026 12:24
59118520-4667-49b2-a084-e19a99b43075,filmy.construction,available,15.99,50.99,high,low,5,name.com,,,12/08/2026 14:28
ba74e978-616a-475f-92e1-278b26aa033a,lovesome.construction,available,15.99,50.99,medium,low,8,name.com,,,
dae8e14e-7ad4-4272-8758-46e5dbc6d5cf,annam.construction,available,38.99,38.99,medium,low,5,namesilo,,,19/09/2026 10:09
221ca708-7729-4961-b198-89d14c76ca11,ano.construction,premium,128.7,128.7,high,low,3,namecheap,,,16/09/2026 18:45
3c7cc4af-68f1-42d7-a089-05e23e2b5187,charivari.construction,available,38.99,38.99,medium,low,9,namesilo,,,23/09/2026 06:08
48824798-96c6-43c7-9fb1-3695770a97e0,hydrogen.construction,available,38.99,38.99,high,low,8,namesilo,,,20/09/2026 21:53
2cac51b4-0e68-4503-abe0-aa44e8629785,curzon.construction,available,38.99,38.99,medium,low,6,namesilo,,,29/09/2026 22:25
70090aae-2cec-4b07-802d-dedab43c6c48,stepwise.construction,available,15.99,50.99,high,low,8,name.com,,,10/08/2026 07:12
b9bbd177-772d-453c-8d6d-6f88f43fe31b,hardened.construction,available,15.99,50.99,high,low,8,name.com,,,11/08/2026 20:01
0264d5db-f6fd-4c43-a5a8-129622c2370d,neilson.construction,available,31.25,31.25,medium,low,7,spaceship,,,29/09/2026 22:20
5d0b57f7-65bd-4ba7-a8c5-10d66a4cbd38,coeliac.construction,available,15.99,50.99,medium,low,7,name.com,,,12/08/2026 15:21
401059ef-e7ea-4591-aa99-07e037bb1b50,dorsal.construction,available,15.99,50.99,high,low,6,name.com,,,
737f6f7f-f0c3-4fb1-8c7e-791d616c0ced,gracious.construction,available,38.99,38.99,high,low,8,namesilo,,,24/09/2026 00:42
d872ff20-a817-470f-a537-98f5b2879a9f,mount.construction,available,31.25,31.25,high,low,5,spaceship,,,29/09/2026 10:06
0509b19f-ddd3-4f0a-97b9-4b2f58594623,homosexuality.construction,available,38.99,38.99,high,low,13,namesilo,,,29/09/2026 10:16
87d81dbe-8b0c-4db5-887d-ff339c2a2e8a,mentality.construction,available,38.99,38.99,high,low,9,namesilo,,,29/09/2026 06:09
aa58d700-fad3-429f-ac81-561e8703b991,terrifying.construction,available,59.99,59.99,medium,low,10,godaddy,,,28/09/2026 02:19
89900792-ebae-4632-b6e8-95b22ca9372b,helpfully.construction,available,38.99,38.99,medium,low,9,namesilo,,,15/09/2026 00:07
efc8112c-b68d-416c-abc4-72fcd819b863,penumbral.construction,available,38.99,38.99,medium,low,9,namesilo,,,08/09/2026 15:25
154af325-36f8-49a0-ad24-ad3bdde1a222,danielle.construction,available,31.25,31.25,medium,low,8,spaceship,,,28/09/2026 08:28
202ee6ab-0d01-48b2-a3fa-39d2aff79d6b,destroyer.construction,available,31.25,31.25,high,low,9,spaceship,,,28/09/2026 05:31
26fe5ccd-12a8-4ee4-a8c8-06e49d6d957d,snuff.construction,available,15.99,50.99,high,low,5,name.com,,,12/08/2026 07:39
aafc1131-e7be-4600-9d18-8585c2bfc84c,spicebush.construction,available,38.99,38.99,high,low,9,namesilo,,,18/09/2026 20:40
2fc03e27-13fd-4c0e-93a1-c515464f3e12,norwalk.construction,premium,78.54,78.54,medium,low,7,namesilo,,,28/09/2026 12:08
17688ddc-7af9-4d7d-bd01-00c80a1803cd,minimally.construction,available,15.99,50.99,medium,low,9,name.com,,,15/09/2026 15:02
ca900043-7fe1-4aa7-904b-e87c9a69c012,kwhr.construction,available,38.99,38.99,high,low,5,namesilo,,,21/09/2026 11:57
cb755408-67b2-4d0b-9606-c5d4f8ec6ce6,ipsus.construction,available,40.98,50.98,medium,low,5,namecheap,,,22/09/2026 15:09
b65a99dd-c774-48b9-ace0-d64adf2ded9b,whorehouse.construction,available,40.98,50.98,medium,low,10,namecheap,,,21/09/2026 18:13
8ea24dd1-8c9b-4da1-a74f-ce8099d77eb0,comp.construction,available,40.98,50.98,high,low,4,namecheap,,,23/09/2026 17:59
9a59d38c-c6df-4807-89d2-cdd538b64989,scratch.construction,available,38.99,38.99,high,low,7,namesilo,,,16/09/2026 16:58
5e6ca15a-615d-4ed4-b348-2c788c38a3a9,rss.construction,premium,102.67,102.67,high,low,3,spaceship,,,29/09/2026 21:06
4bb5a74d-bcea-420c-9a70-f0347eb78bce,hodges.construction,available,40.98,50.98,medium,low,6,namecheap,,,25/09/2026 19:37
5fd7dddb-7df0-4e1e-b358-8c841b89d6ec,acridid.construction,available,38.99,38.99,medium,low,7,namesilo,,,17/09/2026 02:59
7a889c56-1093-40dc-a497-5f68b7d8522f,ambystoma.construction,available,38.99,38.99,medium,low,9,namesilo,,,18/09/2026 17:36
b7935bf2-3e96-4d0e-a7c4-56b5545e88fd,lutecium.construction,available,38.99,38.99,medium,low,8,namesilo,,,20/09/2026 23:39
2ba72ce8-0f6a-472c-9350-082440a86c2e,justify.construction,available,38.99,38.99,high,low,7,namesilo,,,28/09/2026 11:05
ef327e39-a9a6-4f61-819f-fa678aa06781,unlaced.construction,available,38.99,38.99,medium,low,7,namesilo,,,12/09/2026 14:37
6164eea8-9347-4030-b8e6-1d8edc1cd7ee,slacking.construction,available,40.98,50.98,medium,low,8,namecheap,,,29/09/2026 20:57
3813cf22-ea84-4f6f-aa28-5e15f65943af,homes.construction,premium,118.8,118.8,high,low,5,namesilo,,,18/09/2026 16:52
acb1c57c-cf7f-40aa-8bbd-a319da5e5c57,mordant.construction,available,15.99,50.99,high,low,7,name.com,,,13/08/2026 02:11
97a617f7-fb29-42e1-8202-0763552b933c,flat.construction,available,38.99,38.99,high,low,4,namesilo,,,21/09/2026 12:19
1589655d-b889-4c77-88b1-39e452adc91c,slimy.construction,available,15.99,50.99,medium,low,5,name.com,,,14/08/2026 04:03
be0d9a4f-2f52-483a-9157-7b5d2718b1fe,studded.construction,available,38.99,38.99,high,low,7,namesilo,,,10/09/2026 22:57
1a468c2a-7695-45a6-8fee-8abeda719499,torn.construction,available,40.98,50.98,high,low,4,namecheap,,,25/09/2026 16:39
79535ceb-ac06-4f81-aa9b-122a9e8e73b8,bulging.construction,available,15.99,50.99,medium,low,7,name.com,,,09/08/2026 13:41
39468e01-699b-4972-bf6f-5d711e2c1d96,scruffy.construction,available,38.99,38.99,medium,low,7,namesilo,,,10/09/2026 00:25
edf4b8a5-dd42-483e-812e-98d14c3ce51b,want.construction,available,8.75,31.41,high,low,4,porkbun,,,29/09/2026 13:33
b7f7c414-a9f1-4ba2-a483-05156e4b301a,lapsed.construction,available,15.99,50.99,medium,low,6,name.com,,,22/08/2026 19:47
83ec19b2-775c-462b-95f0-a04b19103e19,strengthen.construction,available,15.99,,high,low,10,name.com,,,
a279a9cb-5d40-4768-b2c1-a50322744dec,bandung.construction,premium,78.54,78.54,high,low,7,namesilo,,,22/09/2026 01:32
1a447981-c4c6-4db9-83ab-f320096d9e90,laotian.construction,available,15.99,50.99,medium,low,7,name.com,,,22/08/2026 19:36
4ded280f-a5f5-4fc5-ac98-0e9c8059e901,festival.construction,available,38.99,38.99,high,low,8,namesilo,,,19/09/2026 17:31
3f53a416-e1de-4b9b-9e7d-98f62aabf795,agnomen.construction,available,38.99,38.99,medium,low,7,namesilo,,,17/09/2026 18:44
b54edd72-e960-4315-b8af-0e99be8a9665,attempted.construction,available,15.99,50.99,medium,low,9,name.com,,,07/08/2026 15:12
36cdda84-8273-4c7b-8bef-fa4daa17d8ff,trieste.construction,available,31.25,31.25,medium,low,7,spaceship,,,27/09/2026 18:38
2224ee98-ca60-4c2c-b1de-cddf0355c7c5,unevenly.construction,available,15.99,50.99,medium,low,8,name.com,,,15/09/2026 22:30
160e44d1-0f4d-4d10-b082-a2e0fb1a440b,squanderer.construction,available,38.99,38.99,medium,low,10,namesilo,,,09/09/2026 02:39
5fb8755c-4d40-4566-8a81-b6f086f93a5b,azonal.construction,available,15.99,50.99,medium,low,6,name.com,,,08/08/2026 02:27
6b0fb916-3837-436f-96ad-6ec1079c785e,jokes.construction,available,38.99,38.99,high,low,5,namesilo,,,25/09/2026 11:35
f6daf5f1-0d0e-49d0-95b3-b2f38bf13d84,diligently.construction,available,38.99,38.99,high,low,10,namesilo,,,14/09/2026 12:40
1a90f4fc-be6e-40eb-ac7b-066f1182f602,greyed.construction,available,15.99,50.99,medium,low,6,name.com,,,20/08/2026 20:04
22e4d9f3-ba79-4f9b-ad66-ab8d7131e3d3,empty.construction,available,38.99,38.99,high,low,5,namesilo,,,24/09/2026 13:56
0cbd96db-d3d8-43b6-ab3f-56005298059e,mesmeric.construction,available,15.99,50.99,medium,low,8,name.com,,,24/08/2026 21:13
2e03693f-8ca4-498a-a4cb-9492c4a6bfea,bister.construction,available,38.99,38.99,medium,low,6,namesilo,,,23/09/2026 22:08
204efcff-bac1-4631-a037-0638d69f2e45,austrian.construction,available,40.98,50.98,high,low,8,namecheap,,,22/09/2026 13:38
95da368b-0715-4836-b9a8-1a4f95ecb3ff,section.construction,available,38.99,38.99,high,low,7,namesilo,,,08/09/2026 06:07
baf3bfd8-0349-4d1d-b79b-cd3609053a37,rarefy.construction,available,15.99,50.99,medium,low,6,name.com,,,07/08/2026 15:31
22d24271-436c-43b8-a351-74e63026191a,courses.construction,available,15.99,,high,low,7,name.com,,,
d4e297c6-c1c2-4cb6-95e9-03b36b91ef0b,wrecked.construction,available,31.25,31.25,medium,low,7,spaceship,,,28/09/2026 11:09
c5e52dde-330f-411f-93e9-2408c40c86d2,tub.construction,premium,128.7,128.7,high,low,3,namecheap,,,29/09/2026 01:33
45adaa27-e547-4f71-87ca-f7c9a2c05198,cimmerian.construction,available,15.99,50.99,medium,low,9,name.com,,,12/08/2026 08:11
8ffb57fa-b952-42e1-85aa-80abf56415e4,acinus.construction,available,38.99,38.99,medium,low,6,namesilo,,,17/09/2026 01:46
a5358a89-5534-413a-994c-c56ac6e4e95d,dandily.construction,available,38.99,38.99,medium,low,7,namesilo,,,14/09/2026 10:33
b9407a5f-359d-4eba-9b02-24c3085e3c6d,banter.construction,available,8.75,31.41,high,low,6,porkbun,,,28/09/2026 07:57
b384fa23-d397-407b-a609-a7199c08dc70,keyed.construction,available,15.99,50.99,medium,low,5,name.com,,,22/08/2026 15:42
2b881618-352e-4a59-9b60-beb559ad9a19,ratter.construction,available,15.99,50.99,low,low,6,name.com,,,06/08/2026 04:00
1fab170e-bbbc-4870-8449-a3f1cdf12024,acetamide.construction,available,38.99,38.99,medium,low,9,namesilo,,,16/09/2026 23:49
98efbfb3-f113-4bda-88c6-db42ab21de17,crosswise.construction,available,15.99,50.99,high,low,9,name.com,,,13/08/2026 08:23
b2f1e826-d0ae-408c-8ab4-48d3975665a9,commissioned.construction,available,8.78,32.21,high,low,12,dynadot,,,29/09/2026 23:15
e63278fa-182b-4697-9873-84cca1b75c66,morphine.construction,available,31.25,31.25,medium,low,8,spaceship,,,28/09/2026 10:27
769be824-712a-462f-b615-b800ee46abe7,cuddles.construction,available,38.99,38.99,high,low,7,namesilo,,,21/09/2026 08:38
d6d84c97-6385-4d84-b7a7-7adb28f86e36,gush.construction,available,15.99,50.99,high,low,4,name.com,,,22/08/2026 13:07
dcd7f58f-6c2e-4df1-816b-0461aeae54b5,prowess.construction,available,38.99,38.99,high,low,7,namesilo,,,20/09/2026 11:56
6cc3dbba-44ec-4499-81c1-15ec31fb0028,visualise.construction,available,38.99,38.99,high,low,9,namesilo,,,24/09/2026 16:40
4ad5e66f-8599-491e-bc7e-ae596732075e,revocation.construction,available,40.98,50.98,medium,low,10,namecheap,,,19/09/2026 11:02
c885295d-96bd-404c-b37b-2798dea4a075,cigars.construction,available,38.99,38.99,medium,low,6,namesilo,,,29/09/2026 05:22
f641f1f2-1df6-49dc-bc94-904cb136eca5,puff.construction,available,38.99,38.99,high,low,4,namesilo,,,09/09/2026 05:34
115075d4-1a78-460f-87a7-a2069784c892,ensure.construction,available,,,high,low,6,,,,
b2938515-0c6d-4b64-bdf7-c6e65bb90daf,downhill.construction,available,15.99,50.99,medium,low,8,name.com,,,13/08/2026 21:49
ee819ce8-ee5b-447f-8653-e37577068efd,breathe.construction,available,15.99,,high,low,7,name.com,,,
4658d688-d0dc-474e-b91b-1abe46b5f9d4,credits.construction,available,40.98,50.98,high,low,7,namecheap,,,28/09/2026 13:48
7fefdd3e-4785-40ea-801f-b8076d710564,invoice.construction,available,31.25,31.25,high,low,8,spaceship,,,28/09/2026 08:16
2fd058d5-d711-4d54-a646-f879cec6d2fc,cycles.construction,available,38.99,38.99,medium,low,6,namesilo,,,20/09/2026 09:25
5e31dbb4-821e-485f-abe6-422ca95eea05,object.construction,available,38.99,38.99,high,low,6,namesilo,,,19/09/2026 05:21
6dcb3e38-7ae6-47e0-8023-ec2eb090c5e2,regards.construction,available,31.25,31.25,medium,low,7,spaceship,,,28/09/2026 12:38
b7ae2492-d363-4999-96b1-45218fdeb105,fissure.construction,available,15.99,50.99,high,low,7,name.com,,,13/08/2026 04:18
d8c9f958-af9a-4e8b-b59c-7dc2b0ee052e,andalucia.construction,available,38.99,38.99,high,low,9,namesilo,,,19/09/2026 03:58
838ebe62-2f05-41e8-915f-2589f27e7439,uncertain.construction,available,15.99,50.99,high,low,9,name.com,,,22/08/2026 01:07
78193c7c-a368-4d0b-a269-255e4d09dada,synonymous.construction,available,38.99,38.99,high,low,10,namesilo,,,11/09/2026 06:31
92db53a1-8f63-47c3-8417-150632641a81,profundity.construction,available,40.98,50.98,medium,low,10,namecheap,,,16/09/2026 18:38
c4f66e88-0f5b-4c5b-be6a-74cd6cb70c1f,sire.construction,available,31.25,31.25,high,low,4,spaceship,,,28/09/2026 14:08
e4e4a8a6-e55e-426b-8790-7ff9a7125d29,demonic.construction,available,15.99,50.99,medium,low,7,name.com,,,14/08/2026 01:26
e1ed8a7c-7a40-4181-a845-8f76ee629331,pensive.construction,available,15.99,50.99,high,low,7,name.com,,,11/08/2026 06:00
a67b5910-1e80-49e8-b249-525667787a86,coffee.construction,available,31.25,31.25,high,medium,6,spaceship,,,29/09/2026 10:14
aae0e725-fd33-4957-9a61-a471e654b8ac,organizers.construction,available,31.25,31.25,medium,low,10,spaceship,,,28/09/2026 10:11
8a0896d9-c699-4fe0-8c2b-0524a495019d,propel.construction,available,38.99,38.99,high,low,6,namesilo,,,09/09/2026 03:16
54062689-3c12-46a0-ba3e-f50413d67391,severely.construction,available,31.25,31.25,medium,low,8,spaceship,,,28/09/2026 13:15
b01dc953-025d-4d4b-894e-41d130187887,drummond.construction,available,38.99,38.99,medium,low,8,namesilo,,,25/09/2026 15:26
1a2f5372-73f7-4753-b011-20787194eac7,chow.construction,available,31.25,31.25,high,low,4,spaceship,,,29/09/2026 00:25
1ed063c7-dc0e-4322-a318-7c9f8466e11e,tighter.construction,available,38.99,38.99,high,low,7,namesilo,,,29/09/2026 14:55
e40a75d1-d9e3-4a30-940f-172c3bb51a52,alphabetic.construction,available,38.99,38.99,high,low,10,namesilo,,,22/09/2026 02:10
981f4f66-6944-4bb8-bf54-5d4994bd3041,volute.construction,available,15.99,50.99,high,low,6,name.com,,,12/08/2026 16:14
aeb68053-1220-4e44-89a7-418e5f80da02,brief.construction,available,40.98,50.98,high,low,5,namecheap,,,21/09/2026 13:42
267c200f-65c3-42e8-9d1d-5dc7e0d78608,enjoying.construction,available,40.98,50.98,medium,low,8,namecheap,,,25/09/2026 21:02
6c2749ca-f278-471b-8315-a3421bf22b3b,pedro.construction,available,8.75,31.41,high,low,5,porkbun,,,28/09/2026 03:54
fb9846b3-aa2a-4775-9978-fe2436f5f692,laden.construction,available,15.99,50.99,medium,low,5,name.com,,,22/08/2026 18:30
d758fae6-4931-4499-a1f6-792a9cf69106,targeted.construction,available,30.2,30.2,medium,low,8,cloudflare,,,28/09/2026 21:29
cfbd3aca-27ba-434b-b941-07bbb64ec90f,zoologist.construction,available,38.99,38.99,high,low,9,namesilo,,,19/09/2026 08:43
b86df5f9-291f-48fc-bf16-1a6da435e66c,supersonic.construction,available,38.99,38.99,high,low,10,namesilo,,,11/09/2026 02:25
f3191639-30d9-4d37-bd44-89d5b49f6137,incubation.construction,available,15.99,50.99,high,low,10,name.com,,,11/08/2026 06:10
8a117511-6243-4a99-ba77-084e7e64cf92,headache.construction,available,38.99,38.99,high,low,8,namesilo,,,24/09/2026 13:37
e11c629d-c6b7-45fd-97d4-5e2552621901,adoring.construction,available,38.99,38.99,high,low,7,namesilo,,,21/09/2026 19:41
b973d2b7-c992-4474-b784-cd437c1155b2,northern.construction,available,38.99,38.99,high,low,8,namesilo,,,25/09/2026 23:11
9c39c7a9-f603-4764-8b45-b90c75c82b35,chopped.construction,available,15.99,50.99,high,low,7,name.com,,,12/08/2026 06:57
a6c727fb-0008-4a00-99e0-a55bb90f3bb3,althea.construction,available,40.98,50.98,medium,low,6,namecheap,,,18/09/2026 14:54
f0d42299-01ce-4b99-b560-0fb8bd8bea2e,endocrine.construction,available,15.99,50.99,high,low,9,name.com,,,17/08/2026 01:00
dc252313-ee1c-4c78-9385-f83780e41c91,urges.construction,available,38.99,38.99,medium,low,5,namesilo,,,16/09/2026 09:15
31188ab6-c75d-4e42-a53d-d74ec258c7a6,dourly.construction,available,38.99,38.99,low,low,6,namesilo,,,14/09/2026 13:56
942eadf5-4555-4c8e-b8cb-93d57789b541,flashy.construction,available,15.99,50.99,high,low,6,name.com,,,18/08/2026 06:33
6c86ec23-f78a-4b33-ba32-b9499426ebab,strips.construction,available,40.98,50.98,medium,low,6,namecheap,,,20/09/2026 02:09
34403fb6-cede-475e-8527-7d9226eea3cb,backrest.construction,available,40.98,50.98,high,low,8,namecheap,,,21/09/2026 15:47
2c0a95b1-f070-47d9-b972-ca4bff459dbe,theology.construction,available,38.99,38.99,high,low,8,namesilo,,,29/09/2026 14:03
777e917b-a977-4d0d-baa5-63a1b175a1be,enmeshed.construction,available,15.99,50.99,medium,low,8,name.com,,,17/08/2026 09:39
6ba616f3-79bf-422d-819a-b362b954b66b,focusing.construction,available,38.99,38.99,high,low,8,namesilo,,,24/09/2026 13:33
42fa0faa-cf6c-49c2-abd8-ff8852710765,amble.construction,available,38.99,38.99,high,low,5,namesilo,,,18/09/2026 16:54
a1e0aa6b-31ad-4871-a316-4394abaacdf1,bawdyhouse.construction,available,40.98,50.98,medium,low,10,namecheap,,,21/09/2026 18:21
7d6d718a-6d56-4a53-818b-d22bb7fec8b8,assamese.construction,available,15.99,50.99,medium,low,8,name.com,,,07/08/2026 05:38
9b9a0589-d0b5-4094-a50c-da05831e3fee,belknap.construction,available,31.25,31.25,high,low,7,spaceship,,,29/09/2026 15:05
833ef1e4-781b-41a3-934c-64c161be9a3e,fellowships.construction,available,38.99,38.99,medium,low,11,namesilo,,,21/09/2026 08:52
2601ed15-072c-413f-ba4f-9bb9991554a9,circumstance.construction,available,38.99,38.99,high,low,12,namesilo,,,29/09/2026 08:31
5dadf3b6-964c-4228-99a9-fe1e62bde486,reeves.construction,available,31.25,31.25,high,low,6,spaceship,,,29/09/2026 09:55
552dc5e8-eccf-476b-93c3-269dcaac39b6,amperage.construction,available,38.99,38.99,high,low,8,namesilo,,,18/09/2026 23:07
63024746-b76f-4898-bd41-bce4d7c67765,gushy.construction,available,15.99,50.99,medium,low,5,name.com,,,20/08/2026 21:03
5cdaf76d-9a11-4d52-a058-a7dd9c9cb410,grumbling.construction,available,15.99,50.99,medium,low,9,name.com,,,20/08/2026 20:33
948ae553-b02a-4b23-8dbe-290137cffdff,fading.construction,available,38.99,38.99,high,low,6,namesilo,,,21/09/2026 01:33
f9dd80e0-8cd1-4b28-9b98-413b669ce411,memorise.construction,available,15.99,,high,low,8,name.com,,,
f45b7806-13f9-4864-b25a-70348a949e24,mucky.construction,available,15.99,50.99,medium,low,5,name.com,,,10/08/2026 17:06
bf24fb67-7b63-495b-8deb-77bf7606bc2e,vacuum.construction,available,30.2,30.2,high,low,6,cloudflare,,,29/09/2026 23:00
68312a16-bbce-45f9-86e8-75693b96c433,ampere.construction,available,38.99,38.99,high,low,6,namesilo,,,18/09/2026 23:06
84cf00d9-1a5b-44a8-8f6f-ea07ea05cfc4,war.construction,premium,118.8,118.8,high,low,3,namesilo,,,26/09/2026 00:24
5cb95b9a-ce80-4541-95cc-7ed456536c79,anatomy.construction,available,40.98,50.98,high,low,7,namecheap,,,28/09/2026 21:14
a3f2d4a5-9787-4247-b3e1-0e9ffac49eea,astrodome.construction,available,38.99,38.99,medium,low,9,namesilo,,,20/09/2026 17:37
f18f1d18-29bb-4a8a-a7ae-3de2994f529e,timed.construction,available,38.99,38.99,high,low,5,namesilo,,,11/09/2026 16:00
37b2f964-d529-490d-8830-3da65428d557,bor.construction,available,38.99,38.99,high,low,3,namesilo,,,29/09/2026 02:55
fbc60fe2-49cc-45fa-b9ac-87903b3c127b,honourable.construction,available,15.99,50.99,high,low,10,name.com,,,21/08/2026 13:34
70a4c67d-c729-460e-96c6-e9f95703adb0,unblended.construction,available,38.99,38.99,medium,low,9,namesilo,,,12/09/2026 02:12
0c704f8c-1e99-4046-80fa-630a25912ae2,stump.construction,available,38.99,38.99,high,low,5,namesilo,,,18/09/2026 17:18
d8330cc6-5308-48a2-b111-7f6272e59311,taupe.construction,available,15.99,50.99,high,low,5,name.com,,,18/08/2026 19:04
8e5a100a-39b2-42fe-9337-e93b25b2a164,accra.construction,available,40.98,50.98,high,low,5,namecheap,,,16/09/2026 23:13
a2f28192-988d-41e1-a2a2-ef221ad69948,transeunt.construction,available,40.98,50.98,medium,low,9,namecheap,,,11/09/2026 18:53
0a01338a-7006-496b-8e97-ef90503036d5,carnal.construction,available,15.99,50.99,high,low,6,name.com,,,
3f64332b-4bbc-4569-b904-2f12705a76e0,galangal.construction,available,15.99,50.99,medium,low,8,name.com,,,18/09/2026 14:03
53965812-10b0-4841-af04-d2e28fd135f6,decolour.construction,available,38.99,38.99,medium,low,8,namesilo,,,24/09/2026 05:11
6fd423b4-c5f4-4308-8794-8c4c911aa627,exposit.construction,available,15.99,50.99,medium,low,7,name.com,,,15/08/2026 23:47
c73efa1f-29b2-4153-8140-5b56b8c7f061,scenarios.construction,available,31.25,31.25,medium,low,9,spaceship,,,29/09/2026 17:21
97443d90-a58f-407d-ba03-9b4ef115f65b,sagging.construction,available,15.99,50.99,medium,low,7,name.com,,,14/08/2026 19:45
73f0de7f-b7ce-4291-ad01-f2a624da7429,ineffably.construction,available,38.99,38.99,medium,low,9,namesilo,,,15/09/2026 07:55
83fb7aef-58c3-4452-a428-df72eac2006c,semen.construction,available,31.25,31.25,medium,low,5,spaceship,,,29/09/2026 18:24
b9d2e7ab-a1aa-4fbc-8417-763a68eb6130,aum.construction,available,38.99,38.99,high,low,3,namesilo,,,21/09/2026 04:10
a4e1807b-c667-4a77-a954-011f72498263,cloudless.construction,available,15.99,50.99,high,low,9,name.com,,,12/08/2026 12:32
cfd6e50d-d080-481c-b771-3e299adeb5f7,dangers.construction,available,38.99,38.99,medium,low,7,namesilo,,,18/09/2026 04:42
eb3efb26-65d3-45e7-a21d-d40c688c47b7,vixenish.construction,available,38.99,38.99,medium,low,8,namesilo,,,13/09/2026 06:24
2e76e627-9cd6-4811-aa39-3171af83fc38,auspice.construction,available,40.98,50.98,high,low,7,namecheap,,,21/09/2026 04:36
cffb3e10-c1d0-469b-b846-b438947ad533,unladylike.construction,available,38.99,38.99,medium,low,10,namesilo,,,12/09/2026 14:39
b80f1489-078f-43a8-a3c3-0324ea0757d4,youngest.construction,available,15.99,,high,low,8,name.com,,,
0cf00f95-b0c2-410f-975a-17f96e82c3e1,natty.construction,available,15.99,50.99,medium,low,5,name.com,,,13/08/2026 17:29
95446996-b466-4374-9baa-05eeb6cf40a4,postcard.construction,available,8.75,31.41,high,low,8,porkbun,,,29/09/2026 13:21
3653c406-76be-4f9a-9206-7387c9d9964f,breaker.construction,available,40.98,50.98,high,low,7,namecheap,,,24/09/2026 08:24
d5835869-ccdd-4563-8aff-aebba722d02c,mta.construction,available,40.98,50.98,high,low,3,namecheap,,,28/09/2026 21:38
04803711-92c2-4013-b060-99e02c45487d,accusative.construction,available,15.99,50.99,high,low,10,name.com,,,
a293d56a-124b-4619-aecc-e858b7fcbeaf,hollo.construction,available,38.99,38.99,high,low,5,namesilo,,,23/09/2026 06:22
9f0fe2e8-6b53-48ad-a8ef-c04f8e3aaa0d,stein.construction,available,38.99,38.99,high,low,5,namesilo,,,23/09/2026 01:47
65d67248-ad32-40c9-8799-d5a865eab8e0,exclusively.construction,available,15.99,,medium,low,11,name.com,,,
d08492d5-6827-4ed6-b905-6d029805bb03,alto.construction,available,15.99,50.99,high,low,4,name.com,,,
4f058584-4e50-4483-9c37-e72b9a6c14a2,conclusions.construction,available,31.25,31.25,medium,low,11,spaceship,,,28/09/2026 08:35
8175a05b-d73a-45e3-be49-bb053a08f560,abraham.construction,available,38.99,38.99,high,low,7,namesilo,,,16/09/2026 16:50
d78a68a2-3eea-40c1-bed0-445a77109fc4,traded.construction,available,31.25,31.25,medium,low,6,spaceship,,,29/09/2026 04:46
70525dd6-35f6-4d8b-b338-0a1d41ab6a38,penial.construction,available,38.99,38.99,medium,low,6,namesilo,,,08/09/2026 14:23
eabd654d-a830-4930-a5fe-d906cb0fe724,doug.construction,available,38.99,38.99,high,low,4,namesilo,,,25/09/2026 13:24
3cc38720-c177-4db9-9f88-bd9596af3b52,strapless.construction,available,38.99,38.99,high,low,9,namesilo,,,10/09/2026 21:55
c252ba4a-79cd-4e5a-b31d-4ae9cb2ccf15,folklore.construction,available,59.99,59.99,high,low,8,godaddy,,,30/09/2026 01:40
6932f687-de59-486e-b662-e409764dc597,saurian.construction,available,15.99,50.99,medium,low,7,name.com,,,22/08/2026 17:55
6c2780d6-b972-4833-aa7a-cc1e349f8859,cadets.construction,available,31.25,31.25,medium,low,6,spaceship,,,30/09/2026 00:49
e553c874-2d62-49b6-886e-f0cbf8df8f68,cowboys.construction,available,38.99,38.99,high,low,7,namesilo,,,28/09/2026 12:01
c444549e-b59d-45dc-b4ed-9e81954178f9,conn.construction,available,31.25,31.25,high,low,4,spaceship,,,29/09/2026 14:12
17b3db03-0cc3-4eeb-ac24-81dd2f078e94,equivalent.construction,available,38.99,38.99,high,low,10,namesilo,,,24/09/2026 14:50
8658a59c-9e73-4e32-9857-817b3fbda308,mon.construction,premium,78.54,78.54,high,low,3,namesilo,,,
ed3f1857-a61e-473d-b556-1c6954c49dcd,thanked.construction,available,30.2,30.2,medium,low,7,cloudflare,,,29/09/2026 05:27
bc4a1153-2a6f-40db-9485-1ab8d688c7fb,silkily.construction,available,38.99,38.99,medium,low,7,namesilo,,,16/09/2026 01:51
f024e821-9c70-4d8b-a764-e24a1654df10,mistakenly.construction,available,38.99,38.99,medium,low,10,namesilo,,,14/09/2026 16:00
fd43fb99-5e01-4981-9623-e805e2eb4f89,neighborly.construction,available,38.99,38.99,high,low,10,namesilo,,,03/09/2026 15:16
96074bff-5bcc-472e-a062-9cea31cb73d8,aar.construction,available,38.99,38.99,medium,low,3,namesilo,,,16/09/2026 13:19
074ad74e-d964-4279-8198-b1d27e1976dc,stupendous.construction,available,15.99,50.99,high,low,10,name.com,,,12/08/2026 18:00
cad9d23c-6fa8-414a-9d7b-691b4c300930,laptops.construction,available,38.99,38.99,medium,low,7,namesilo,,,20/09/2026 12:33
c1bdb909-2d76-4daa-950f-c5047583de03,pies.construction,available,15.99,,medium,low,4,name.com,,,
1d7f1335-2b67-419a-acf8-c465755bfa75,abrupt.construction,available,15.99,50.99,high,low,6,name.com,,,
c62b270b-52cc-4399-90e3-db33a27b4b4b,footling.construction,available,15.99,50.99,medium,low,8,name.com,,,18/08/2026 03:30
01016264-32b0-45ab-927f-ff7f77574846,vermillion.construction,available,15.99,50.99,high,low,10,name.com,,,12/08/2026 05:47
0eb69d65-40c1-4820-9546-d877aaa9dcff,dazzled.construction,available,15.99,50.99,high,low,7,name.com,,,13/08/2026 18:57
71482a08-3a36-4d26-83fa-b8884378ac11,gross.construction,available,38.99,38.99,high,low,5,namesilo,,,24/09/2026 13:05
026824e7-2b9b-45d7-aee1-6e0af8860476,sisyphean.construction,available,38.99,38.99,medium,low,9,namesilo,,,10/09/2026 08:58
2be21665-dedf-4fde-bb53-47cd6a3c4059,ignoring.construction,available,38.99,38.99,medium,low,8,namesilo,,,28/09/2026 11:32
d2c537bb-00ac-471f-9b36-2a7cccd4e367,dionysius.construction,available,31.25,31.25,medium,low,9,spaceship,,,29/09/2026 06:39
44eb9dad-7983-4bf3-8dad-2de4c848142f,inexplicit.construction,available,15.99,50.99,medium,low,10,name.com,,,21/08/2026 22:39
cdcb84c4-1fae-4355-80bd-11a2497855de,unprovable.construction,available,38.99,38.99,medium,low,10,namesilo,,,12/09/2026 17:29
37167979-bfeb-411c-a15a-d83a23eab945,default.construction,available,30.2,30.2,high,low,7,cloudflare,,,29/09/2026 13:30
4ff9379a-8858-4bce-abde-45abc9598460,herbs.construction,available,38.99,38.99,high,low,5,namesilo,,,17/09/2026 01:23
c671dc81-6b9f-4432-ac9b-88dd3af5d8fd,cushioned.construction,available,15.99,50.99,high,low,9,name.com,,,13/08/2026 11:53
d0acdef7-ad08-49ee-8676-d4a1c1a203a2,crossly.construction,available,38.99,38.99,low,low,7,namesilo,,,14/09/2026 09:42
90de0935-7e63-4ef6-83e6-2ab71dfeb8ef,berbers.construction,available,38.99,38.99,medium,low,7,namesilo,,,19/09/2026 23:24
820dcf24-5511-4b10-a885-f330db3ca124,sinai.construction,available,38.99,38.99,high,low,5,namesilo,,,25/09/2026 09:30
7b8a1b3f-972a-4436-b07b-73f354a12204,lamentably.construction,available,38.99,38.99,low,low,10,namesilo,,,14/09/2026 11:50
e147863d-d10a-45fc-a76b-624b0d203e94,tempted.construction,available,40.98,50.98,medium,low,7,namecheap,,,29/09/2026 16:59
ab0d2e7e-ad54-4295-91e9-6633817c0420,acad.construction,available,38.99,38.99,high,low,4,namesilo,,,29/09/2026 10:57
a422641e-cd7d-4bfa-b146-0e90e0fef35c,acre.construction,available,31.25,31.25,high,low,4,spaceship,,,28/09/2026 17:21
a274a962-5a6a-4254-91ea-76a5ba7fa88b,sultan.construction,available,30.2,30.2,high,low,6,cloudflare,,,29/09/2026 12:57
7198df60-f886-4d86-bcdc-10b92894965f,citibank.construction,available,,,high,medium,8,,,,
294d71b4-0732-43d8-ae3d-45965aea6c7b,condolence.construction,available,38.99,38.99,high,low,10,namesilo,,,29/09/2026 10:42
23a436e1-8c91-475e-a1be-6fc4c92752b7,cantaloup.construction,available,38.99,38.99,high,low,9,namesilo,,,24/09/2026 12:08
4b9121b0-42ed-46f6-aa8c-004e0558794c,fulfilling.construction,available,40.98,50.98,high,low,10,namecheap,,,29/09/2026 21:22
764c4f10-4c3a-4f66-b828-3b4b83c8d3dc,separation.construction,available,15.99,,high,low,10,name.com,,,
ce90fd25-d4e7-4606-a16b-eb50107654af,trillionaire.construction,available,15.99,,high,low,12,name.com,,,
823a445f-ec8d-4947-9984-392fdffb6044,pressure.construction,available,38.99,38.99,high,low,8,namesilo,,,24/09/2026 23:12
566809b0-430b-41a2-b8e2-dc3b0b3fec6b,arroba.construction,available,38.99,38.99,medium,low,6,namesilo,,,20/09/2026 09:18
588705c1-72c9-4982-a265-18bc9d4e4313,blitt.construction,available,38.99,38.99,medium,low,5,namesilo,,,21/09/2026 14:13
2b63b87a-2c96-4493-bc5d-4f782182cca2,overnight.construction,available,38.99,38.99,high,low,9,namesilo,,,22/09/2026 00:44
afb351f8-41af-4c75-aa1a-a716bd7022b8,found.construction,available,38.99,38.99,high,medium,5,namesilo,,,22/09/2026 17:43
b12a3ca9-0545-4772-9193-ae8466f04146,asterope.construction,available,38.99,38.99,medium,low,8,namesilo,,,20/09/2026 17:16
1167d667-b527-4512-a655-3acec586b378,kuomintang.construction,available,38.99,38.99,medium,low,10,namesilo,,,28/09/2026 14:23
f6dbf7cb-4782-421d-8e49-8f8b6a7ae51c,fossilized.construction,available,15.99,50.99,medium,low,10,name.com,,,18/08/2026 13:12
e53be5a3-5a75-4b96-a452-56e154c5a9ec,bespoken.construction,available,15.99,50.99,medium,low,8,name.com,,,09/08/2026 17:31
071d7c3f-5f95-4e27-ba2d-e3aaea175bfb,choppy.construction,available,38.99,38.99,medium,low,6,namesilo,,,23/09/2026 14:30
7e342cca-0aff-400a-a9a3-f1e6b45e89db,lilac.construction,available,15.99,50.99,high,low,5,name.com,,,22/08/2026 21:04
68506491-084c-4248-9445-bd20382fe0c2,albitic.construction,available,15.99,50.99,medium,low,7,name.com,,,
c33b3c3b-6430-4f61-9293-c94fbbd1f170,hostesses.construction,available,38.99,38.99,medium,low,9,namesilo,,,20/09/2026 07:50
93058a62-6332-4c1a-8887-c13bcb8c86f4,funky.construction,available,15.99,50.99,high,low,5,name.com,,,18/08/2026 02:27
3ac8dc56-eb2c-4ac2-8a7e-f81be8da7f0a,tel.construction,premium,500,,high,low,3,name.com,,,
73244d15-f489-41d2-bd59-b0c50d854f33,refreshment.construction,available,40.98,50.98,high,low,11,namecheap,,,19/09/2026 14:11
2d36c5b9-9c83-4a04-b4cf-cd03b9428498,rollins.construction,available,40.98,50.98,high,low,7,namecheap,,,27/09/2026 08:03
23174c9f-f3b6-4d08-a1a6-1e7c22969cc5,holly.construction,available,38.99,38.99,high,low,5,namesilo,,,29/09/2026 05:03
2d5a7607-6cab-4243-8535-97fa02bb2d16,mobile.construction,premium,128.7,128.7,high,medium,6,namecheap,,,25/09/2026 21:00
3dd155b1-1f11-4770-9544-8c210ac0520b,blither.construction,available,38.99,38.99,medium,low,7,namesilo,,,24/09/2026 04:54
0b3acc86-a9d0-4b57-a1e9-816980c7946e,airworthy.construction,available,15.99,50.99,high,low,9,name.com,,,
d9756f09-1acb-4935-b44e-3cd243d1324a,marching.construction,available,59.99,59.99,high,low,8,godaddy,,,28/09/2026 02:19
72d6858b-963f-4793-b327-eadeaa7bb540,continuously.construction,available,15.99,,medium,low,12,name.com,,,
9713b120-c5cd-45e8-8f0c-5c440df941eb,delighted.construction,available,15.99,50.99,high,low,9,name.com,,,09/08/2026 10:01
1d6a56eb-5670-4f99-82b7-68502d3723aa,envisioned.construction,available,40.98,50.98,high,low,10,namecheap,,,24/09/2026 14:18
7167a8bb-d118-4114-8fb2-4353c3cb1124,albright.construction,available,38.99,38.99,medium,low,8,namesilo,,,28/09/2026 12:24
250f378f-531e-4a35-9c28-2eb7959d6262,lane.construction,available,15.99,,high,low,4,name.com,,,
bb4088a9-6a59-4608-96d6-48bf26b22aa1,genial.construction,available,38.99,38.99,high,low,6,namesilo,,,21/09/2026 21:42
18f0c2dd-402c-4922-a88e-6da6b9d92313,diluted.construction,available,15.99,50.99,medium,low,7,name.com,,,14/08/2026 07:45
3526cba5-58ca-43b9-9d27-27c2f6cd589e,gratuitous.construction,available,15.99,50.99,high,low,10,name.com,,,13/08/2026 03:14
eedfd5a8-3c91-4aae-9cd1-99b48b7acb32,lytton.construction,available,38.99,38.99,medium,low,6,namesilo,,,30/09/2026 00:54
482f6e5b-60cf-4959-9a06-90e0766bd355,auction.construction,resell,,,high,low,7,"GoDaddy.com, LLC",20/02/2014 07:25,20/02/2027 07:25,26/09/2026 04:07
cd38d0ee-e0b7-462d-9f50-b173d30d64f9,scandal.construction,available,15.99,,high,low,7,name.com,,,
c21baeb3-f3d0-4911-a6f3-6e7536b07e10,cosigner.construction,available,15.99,50.99,medium,low,8,name.com,,,13/08/2026 02:49
8c64e8ed-e2eb-46d8-9a9d-ba0a16318902,passion.construction,available,38.99,38.99,high,low,7,namesilo,,,29/09/2026 05:44
f791fa4e-e2c1-4706-a06f-314ad3a963c0,feathered.construction,available,15.99,50.99,high,low,9,name.com,,,18/08/2026 00:19
b9bbb95a-2f8d-4ade-80b2-5827b9219f6a,asphodel.construction,available,38.99,38.99,medium,low,8,namesilo,,,20/09/2026 15:08
18dd5674-ef79-46c0-b032-ac0fc02e83de,zoftig.construction,available,38.99,38.99,medium,low,6,namesilo,,,13/09/2026 14:58
91dc1e05-26d3-46f6-8475-9874e9eeebd5,benumb.construction,available,38.99,38.99,medium,low,6,namesilo,,,03/09/2026 22:47
46bb21d2-5c64-46ce-95d5-12f3983c58e5,vic.construction,premium,78.54,78.54,high,medium,3,namesilo,,,25/09/2026 12:29
151d57de-bd33-462d-9d2e-eda9f8d14fdb,ageing.construction,available,40.98,50.98,high,low,6,namecheap,,,21/09/2026 22:43
39e3ed78-fa38-4931-8546-edd8d82db846,threads.construction,available,38.99,38.99,high,low,7,namesilo,,,25/09/2026 00:19
656539f5-3c23-4737-940d-e168544f430b,parochial.construction,available,38.99,38.99,medium,low,9,namesilo,,,08/09/2026 01:46
ca06481d-7ff8-46e3-97e1-1dc0891160d7,helper.construction,available,38.99,38.99,high,low,6,namesilo,,,22/09/2026 09:58
0a485d1d-ff0a-411d-8cbd-509945bbf1d9,pineapple.construction,available,40.98,50.98,high,low,9,namecheap,,,28/09/2026 21:13
0ec379ef-e787-4b82-bc16-2d9a7fe23a2c,allergy.construction,available,31.25,31.25,high,low,7,spaceship,,,28/09/2026 20:29
1063798b-2945-4015-99d2-3b978553e79d,drycleaning.construction,available,38.99,38.99,high,low,11,namesilo,,,21/09/2026 04:39
a8483842-9111-4b8d-930c-7a0081d74916,disjunct.construction,available,15.99,50.99,medium,low,8,name.com,,,14/08/2026 11:25
f176af2d-d84c-4904-bfc7-4a242a914e6e,grotesque.construction,available,15.99,50.99,medium,low,9,name.com,,,
9bf98e26-2440-4b22-afd7-963ce1bffab6,aneroid.construction,available,15.99,50.99,medium,low,7,name.com,,,
bc782a76-8f6e-4ba7-a057-ebaf231b094d,saws.construction,available,38.99,38.99,medium,low,4,namesilo,,,20/09/2026 09:02
88e24d19-7237-4e78-a008-71b8311be3c5,pal.construction,premium,85.8,85.8,high,medium,3,namecheap,,,29/09/2026 05:02
3b9426e2-7fce-408d-87ab-ce38f2e4fb29,ototoxic.construction,available,38.99,38.99,medium,low,8,namesilo,,,04/09/2026 18:36
f91507a1-e8ba-46d5-90b2-6012cd3b11ba,dismay.construction,available,30.2,30.2,medium,low,6,cloudflare,,,28/09/2026 20:03
ec7ad826-7527-4375-ad49-a500d1315911,sustained.construction,available,15.99,50.99,high,low,9,name.com,,,18/08/2026 14:51
d72760e7-cc85-4ceb-917f-15ac1559485b,prodromal.construction,available,38.99,38.99,medium,low,9,namesilo,,,09/09/2026 02:44
76294b9a-dd05-44c3-8fb1-d8c9a2e9ab69,astilbe.construction,available,40.98,50.98,medium,low,7,namecheap,,,20/09/2026 17:26
b0cb5f72-210c-4daf-8fe5-125f4fa8e57c,barky.construction,available,15.99,50.99,medium,low,5,name.com,,,08/08/2026 19:46
eff856b0-e564-400a-bbb8-4da656cccbb8,elapsed.construction,available,15.99,50.99,medium,low,7,name.com,,,16/08/2026 00:41
7866af42-882b-49b2-87db-1c22dbe465a2,unsuitable.construction,available,15.99,50.99,medium,low,10,name.com,,,22/08/2026 00:19
41a0ce37-b109-41d2-825f-1c6d36034073,dickens.construction,available,38.99,38.99,high,low,7,namesilo,,,29/09/2026 08:15
89bfa324-3d28-45cd-9ee0-a29bdefd0b48,rotate.construction,available,30.2,30.2,high,low,6,cloudflare,,,29/09/2026 02:43
c89cb7d2-f16f-4434-8aaa-34e499278644,sear.construction,available,15.99,50.99,medium,low,4,name.com,,,14/08/2026 19:05
62c7befd-b286-427a-ad71-b7ceadeb02f1,scurvy.construction,available,15.99,50.99,medium,low,6,name.com,,,
62afa75f-73cf-47d8-b0e5-a8dcf93cb4cc,nervy.construction,available,15.99,50.99,medium,low,5,name.com,,,11/08/2026 02:28
e4a5478c-3abb-4ec8-8b80-23f03bdade5e,pick.construction,available,38.99,38.99,high,low,4,namesilo,,,23/09/2026 14:24
7c5bc58e-3de2-44b0-889e-fbae54b72a60,diabetic.construction,available,15.99,50.99,high,low,8,name.com,,,14/08/2026 05:36
88409117-2e6e-437a-a335-64fb75a5853d,moronic.construction,available,15.99,50.99,medium,low,7,name.com,,,25/08/2026 06:35
027348c3-e952-4f37-8af8-1e7ba323c3c2,ambition.construction,available,38.99,38.99,high,low,8,namesilo,,,18/09/2026 16:53
4da96f49-d86c-4313-badb-4cd069113aa8,behavior.construction,available,38.99,38.99,high,low,8,namesilo,,,23/09/2026 03:06
4202cfa4-4c91-4e14-9b10-d46e43dccee9,nike.construction,available,,,high,high,4,,,,
a4306cee-94ff-47fe-a76d-5c68de24c9ea,inspiration.construction,available,15.99,,high,low,11,name.com,,,
31918e92-9013-4c83-8f63-c79f2c85342b,aberdonian.construction,available,15.99,50.99,medium,low,10,name.com,,,
ac2e8344-6c83-4dba-946f-da2da6cafbb6,depended.construction,available,38.99,38.99,medium,low,8,namesilo,,,29/09/2026 17:13
4af61848-3688-4a8e-8f25-557833df71f3,presidency.construction,available,38.99,38.99,high,low,10,namesilo,,,29/09/2026 13:43
e491f1b0-d0ba-4509-93ae-cab1196fe2a8,evince.construction,available,15.99,50.99,high,low,6,name.com,,,17/08/2026 18:43
5574cda7-9e83-47b1-84c9-c4149b3ce74d,cultured.construction,available,38.99,38.99,high,low,8,namesilo,,,08/09/2026 09:18
9244c0c5-78af-49c5-81a7-a4ed02d41c7d,bead.construction,available,31.25,31.25,high,low,4,spaceship,,,29/09/2026 01:38
71dea961-401b-4531-b01d-9ab19609788f,adulation.construction,available,40.98,50.98,medium,low,9,namecheap,,,17/09/2026 10:04
859f40d9-a940-4ed8-b32a-ebf596fb41b0,ghostlike.construction,available,15.99,50.99,medium,low,9,name.com,,,06/08/2026 05:23
46211660-1263-4b53-81d3-2ff5d0410217,insincere.construction,available,15.99,50.99,medium,low,9,name.com,,,22/08/2026 07:08
7deadf27-6c66-42f4-8c3b-761bbe77f874,compilation.construction,available,15.99,,high,low,11,name.com,,,
e6f7dba6-74cd-4582-9694-2dbe9b25d210,solutions.construction,available,38.99,38.99,high,low,9,namesilo,,,28/09/2026 10:35
b52f88e0-27fa-4673-a64c-9ee03eff1615,rightly.construction,available,38.99,38.99,high,low,7,namesilo,,,15/09/2026 10:16
c64ffab5-6ef8-4a0b-a749-37a595d6876f,identical.construction,available,38.99,38.99,high,low,9,namesilo,,,25/09/2026 07:23
e064750b-8e21-47f2-bb61-b7df8769962c,evaporate.construction,available,15.99,,high,low,9,name.com,,,
1893528e-182c-45b5-bdfc-2744e0aa505b,formidable.construction,available,15.99,50.99,high,low,10,name.com,,,18/08/2026 12:12
efd94f7e-3ced-4cb7-9bf8-afe1e78235f7,underway.construction,available,38.99,38.99,high,low,8,namesilo,,,12/09/2026 07:42
83616f95-4e09-4f43-8bfe-00f2b49c5a73,groups.construction,available,15.99,,high,low,6,name.com,,,
1c0c7703-14cd-4a99-8b80-e6ee67181ecf,experimentally.construction,available,15.99,,medium,low,14,name.com,,,
61ab04bb-1aa0-4a1a-a5a8-8ef8e6457948,disks.construction,available,40.98,50.98,medium,low,5,namecheap,,,18/09/2026 11:49
8ba0ed48-1803-4ae8-bb96-74b28cec5904,cadge.construction,available,15.99,50.99,medium,low,5,name.com,,,11/08/2026 09:28
da06ba55-9e5c-4bad-bc8f-1389dd02a5e7,hooved.construction,available,15.99,50.99,medium,low,6,name.com,,,21/08/2026 13:42
ea38114a-e211-4d5c-813a-afd41b6b5157,dea.construction,available,8.78,32.21,high,low,3,dynadot,,,30/09/2026 01:16
35b23349-3825-491e-9347-175fb4f6d9dc,hinder.construction,available,38.99,38.99,high,low,6,namesilo,,,24/09/2026 23:48
af6d40f6-f65e-4cd4-b4a8-40f7a782830d,synovial.construction,available,15.99,50.99,medium,low,8,name.com,,,11/09/2026 06:37
28e14aa2-8b62-44c5-810a-67f9a55e32d8,overload.construction,available,8.78,32.21,high,low,8,dynadot,,,29/09/2026 13:38
e43726db-4702-4cf8-8973-fa2cde3a7d27,martini.construction,available,30.2,30.2,high,low,7,cloudflare,,,28/09/2026 14:50
c7ac3850-f174-48de-9e7b-3c940074c4b7,rotten.construction,available,38.99,38.99,high,low,6,namesilo,,,24/09/2026 01:35
84cc16b2-9a8d-4de5-90bb-90d1118a69d1,fax.construction,premium,,,high,low,3,,,,28/09/2026 14:07
40221993-eb84-46ca-bf38-cf96ddd0969d,biotech.construction,available,40.98,50.98,high,low,7,namecheap,,,23/09/2026 19:06
fa740778-1169-4d01-8d6e-c6fa7789c6a2,atlantis.construction,premium,118.8,118.8,high,low,8,namesilo,,,20/09/2026 21:45
49b13b1b-bd0a-448f-b150-c48231446ae6,fridge.construction,available,8.78,32.21,high,low,6,dynadot,,,29/09/2026 17:57
6454acaf-727e-4b8c-93ae-4abab1947ffc,rim.construction,premium,118.8,118.8,high,low,3,namesilo,,,24/09/2026 10:31
230e61d8-f7b0-465c-bfc6-946cc9f82811,beefeater.construction,available,38.99,38.99,medium,low,9,namesilo,,,23/09/2026 01:09
938c44ba-a526-47d5-8f6c-b229707f60f2,mutter.construction,available,38.99,38.99,high,low,6,namesilo,,,03/09/2026 11:12
aa3fb8e1-bcaf-44a8-9cb0-e07cfa93a508,skimmed.construction,available,38.99,38.99,high,low,7,namesilo,,,10/09/2026 09:34
53195b62-b66a-4c2b-aad2-8aadaf15d45f,jittery.construction,available,15.99,50.99,medium,low,7,name.com,,,15/08/2026 08:41
cb9966db-dff5-4cc3-b16b-f2fb64918e3f,impotent.construction,available,15.99,50.99,medium,low,8,name.com,,,21/08/2026 22:52
5978afd6-88da-4bcd-a221-3dd27ad569c7,multilane.construction,available,38.99,38.99,medium,low,9,namesilo,,,03/09/2026 10:43
52630143-76d3-43bd-b293-e2954bc9644b,weapons.construction,available,38.99,38.99,medium,low,7,namesilo,,,25/09/2026 17:10
1577b158-5910-41b1-8fd9-d2130ef61ff7,plop.construction,available,38.99,38.99,medium,low,4,namesilo,,,15/09/2026 20:39
79625b06-dd07-4dfb-8d25-18e57df16f9b,edison.construction,available,38.99,38.99,high,low,6,namesilo,,,29/09/2026 00:45
bf56fd20-a3d1-4281-b515-8a40f78cc629,ascription.construction,available,38.99,38.99,medium,low,10,namesilo,,,20/09/2026 13:27
adca7ff6-434c-4e64-9ba3-dab04a246a05,memo.construction,available,8.75,31.41,high,low,4,porkbun,,,28/09/2026 02:24
03e0381f-f8b1-4a99-961e-426e021bfd9d,coarse.construction,available,15.99,50.99,medium,low,6,name.com,,,12/08/2026 13:56
dcfe8ed2-f702-4ece-b78b-7ca980c0e6c1,achievement.construction,available,31.25,31.25,high,low,11,spaceship,,,28/09/2026 08:12
819474ee-79b8-413f-a8bd-9d5be81467f6,initiative.construction,available,40.98,50.98,high,low,10,namecheap,,,19/09/2026 04:32
aa5e72c9-e5e2-4248-adf3-97290b7ef7c5,aeschylus.construction,available,38.99,38.99,medium,low,9,namesilo,,,17/09/2026 13:19
22a052ad-ab89-45d1-8ede-869c8937cecb,clog.construction,available,40.98,50.98,high,low,4,namecheap,,,24/09/2026 15:50
5040caa9-5fa5-43fd-bb5c-c4447d9c015f,legged.construction,available,15.99,50.99,high,low,6,name.com,,,22/08/2026 22:55
287053df-8741-4bce-8332-caa19b478b5e,eta.construction,premium,85.8,85.8,high,low,3,namecheap,,,22/09/2026 11:43
d871face-bde5-4b97-90e4-969cbfcdd53a,billions.construction,available,8.78,32.21,medium,low,8,dynadot,,,29/09/2026 06:04
2d4d07fb-a1a0-4ee2-9e37-318085dcd7c5,diseased.construction,available,15.99,50.99,medium,low,8,name.com,,,14/08/2026 10:08
f72db2ca-a289-4d6b-920d-40a2a6d342bc,indoaryan.construction,available,15.99,50.99,medium,low,10,name.com,,,06/08/2026 23:56
52a9a795-e1f0-4f8f-8d50-af796b736c84,begins.construction,available,40.98,50.98,medium,low,6,namecheap,,,25/09/2026 20:45
4d14daba-a18f-44f7-a28a-9673ea72be8f,hug.construction,premium,72.6,72.6,high,low,3,dynadot,,,29/09/2026 23:17
5819b21a-d5b4-4bbf-9850-68f68139794a,cincinnati.construction,premium,118.8,118.8,high,low,10,namesilo,,,29/09/2026 09:12
c497cc17-a9d5-4de6-9235-4cb90a1a328c,outspoken.construction,available,15.99,50.99,high,low,9,name.com,,,11/08/2026 16:45
fbdf704b-4048-4cf3-88e3-efd97425b717,shrine.construction,available,38.99,38.99,high,low,6,namesilo,,,28/09/2026 10:54
b7128751-d5fe-445e-b699-d8b2a2cf5ca0,tied.construction,available,15.99,50.99,high,low,4,name.com,,,22/08/2026 17:45
4836208b-bf28-4e2c-811a-494334914175,hieratic.construction,available,15.99,50.99,medium,low,8,name.com,,,21/08/2026 08:24
3686dbab-66fb-4944-ba62-b6a5b2cadfb8,shallow.construction,available,31.25,31.25,medium,low,7,spaceship,,,27/09/2026 20:23
4110cb22-9159-4dbc-b9d8-99e48160335a,apposition.construction,available,38.99,38.99,medium,low,10,namesilo,,,19/09/2026 22:03
da0f7bf6-d3e3-40d0-95bb-2f9fbcf48545,yonder.construction,available,38.99,38.99,high,low,6,namesilo,,,13/09/2026 14:45
c3cf1b03-0e61-4933-93a2-bb8e6c9e9db2,crease.construction,available,15.99,50.99,high,low,6,name.com,,,13/08/2026 07:14
05de6490-6011-457b-b5fc-6e380de110af,frightening.construction,available,30.2,30.2,medium,low,11,cloudflare,,,28/09/2026 11:19
c7a497c6-4a98-45e8-96b9-e90e1ff4e23f,matthias.construction,available,38.99,38.99,high,low,8,namesilo,,,27/09/2026 19:32
ea6287b6-88eb-4a6e-afc5-8093dfbfe6d6,personal.construction,available,30.2,30.2,high,low,8,cloudflare,,,28/09/2026 12:58
bc343715-9935-4894-8af2-e06aa0244469,kuwaiti.construction,available,15.99,50.99,high,low,7,name.com,,,22/08/2026 17:05
7b296d32-e628-4767-9d67-382d923c3ab2,expressed.construction,available,15.99,50.99,high,low,9,name.com,,,17/08/2026 18:26
8b1da7e7-d7e9-4600-9faf-53446102d84c,bellis.construction,available,38.99,38.99,high,low,6,namesilo,,,23/09/2026 06:15
16b1ff06-4c29-4d5d-84b5-14442a3ca3b6,waxy.construction,available,15.99,50.99,medium,low,4,name.com,,,09/08/2026 14:13
677f3636-4332-4a71-b046-0c56fbff43bc,easter.construction,available,38.99,38.99,high,low,6,namesilo,,,24/09/2026 13:11
48caae07-f968-40d6-9327-9ea6c010d274,smiths.construction,premium,85.8,85.8,medium,low,6,namecheap,,,19/09/2026 22:24
a6ff7a6f-014b-4e80-88bb-a2f7e60962a1,isomers.construction,available,30.2,30.2,medium,low,7,cloudflare,,,29/09/2026 11:02
2337094b-6dc0-498b-a1f0-b5e19a68027f,recap.construction,available,15.99,,high,low,5,name.com,,,
86b620e4-c1c1-4638-8c35-dd2e98dccb4f,arming.construction,available,38.99,38.99,high,low,6,namesilo,,,20/09/2026 07:11
8b39e140-f24a-4371-b739-5302bcb7c5a4,avowal.construction,available,38.99,38.99,medium,low,6,namesilo,,,17/09/2026 14:26
d7891226-4483-4122-814f-ce0684c2e678,spiritous.construction,available,38.99,38.99,medium,low,9,namesilo,,,10/09/2026 16:00
96f62c90-54f0-4615-808f-8e9ceae49868,seedless.construction,available,38.99,38.99,high,low,8,namesilo,,,10/09/2026 01:45
1f1f9360-e02d-44ae-b074-140ba0e02bc8,derrida.construction,available,8.78,32.21,medium,low,7,dynadot,,,29/09/2026 18:37
a5338097-7f37-48fa-a005-58a358d02776,emmy.construction,available,8.78,32.21,high,low,4,dynadot,,,29/09/2026 06:46
efc9b362-59e3-47c8-9658-0ae546b21619,peterborough.construction,premium,78.54,78.54,high,low,12,namesilo,,,28/09/2026 07:36
30062751-f10f-4d7a-8790-1854fed0c848,kenneth.construction,premium,85.8,85.8,high,low,7,namecheap,,,25/09/2026 19:13
ac50c71c-d353-4965-860f-c2038eb3637e,claus.construction,available,38.99,38.99,medium,low,5,namesilo,,,27/09/2026 02:28
d08b06c8-2a7e-4ab3-b6cb-f1752ca28d2b,scanning.construction,available,38.99,38.99,high,low,8,namesilo,,,28/09/2026 15:18
be310850-9cb5-4b54-bf2e-ff67e629bec2,backbone.construction,available,38.99,38.99,high,low,9,namesilo,,,21/09/2026 15:14
f2f55703-32c7-452c-af8d-b96d47a4ef4c,volition.construction,available,38.99,38.99,high,low,8,namesilo,,,13/09/2026 12:00
48ca4eb6-d23d-4000-9b01-95210c758a03,osman.construction,available,8.78,32.21,medium,low,5,dynadot,,,28/09/2026 22:06
add3815b-1315-4ce7-bec0-ac3594aae15b,unbolted.construction,available,38.99,38.99,medium,low,8,namesilo,,,12/09/2026 01:36
acccedbb-d536-49d5-9f45-d0bef4ff2741,broadleaf.construction,available,15.99,50.99,high,low,9,name.com,,,11/08/2026 04:57
d83b69e5-0754-418f-944f-fdf6200ec3a8,bader.construction,available,31.25,31.25,high,low,5,spaceship,,,29/09/2026 21:34
a26b7d7f-5a12-42ce-b7d9-4f380effd463,jared.construction,available,40.98,50.98,high,low,5,namecheap,,,27/09/2026 11:10
c57cfe9d-201f-4a2b-a56a-b36f1d29c99b,intertidal.construction,available,15.99,50.99,high,low,10,name.com,,,22/08/2026 08:21
a53d73d1-e0ce-497c-a4e2-b460fb396225,serbs.construction,available,38.99,38.99,medium,low,5,namesilo,,,20/09/2026 12:11
15799d6f-5ff8-482a-89de-f4b3bcc65d39,pentium.construction,available,15.99,,high,low,7,name.com,,,
d9c9ee65-aad1-439b-8efc-1dcea6aac2e3,unweaned.construction,available,38.99,38.99,low,low,8,namesilo,,,12/09/2026 22:29
ff918027-56bd-43ce-a51d-2bbc51b2d9ca,arame.construction,available,38.99,38.99,medium,low,5,namesilo,,,19/09/2026 23:56
fa636be7-28a7-4eb6-abe7-ddd782c2f277,biplane.construction,available,,,high,low,7,,,,23/09/2026 19:18
02221b75-6fb9-4136-bcc4-d6181a705986,devilish.construction,available,15.99,50.99,medium,low,8,name.com,,,14/08/2026 05:06
8bcb8914-00b7-4a50-b192-aa4bbf0616cf,inanimate.construction,available,15.99,50.99,high,low,9,name.com,,,22/08/2026 00:17
f9c554cb-4959-4008-908e-24f857c8f3d7,ashtray.construction,available,38.99,38.99,high,low,7,namesilo,,,20/09/2026 14:02
37111876-a391-4a4b-81ac-00b9304860ff,ones.construction,available,15.99,,high,low,4,name.com,,,
c1f59873-e774-4dae-b26f-55a7e5ed656f,misguided.construction,available,15.99,50.99,medium,low,9,name.com,,,21/08/2026 18:57
38392096-6389-44f5-ace4-15314fea4078,hater.construction,available,38.99,38.99,medium,low,5,namesilo,,,29/09/2026 22:19
484b7a2f-6987-40c4-b263-421aa7b99b80,wednesday.construction,available,38.99,38.99,high,low,9,namesilo,,,13/09/2026 09:32
24a05400-e88c-4d1c-8bcf-548a2e34dd4e,generously.construction,available,15.99,50.99,high,low,10,name.com,,,14/09/2026 21:14
018f2a5a-c6e6-4b49-85fa-aee03c2ac233,catastrophe.construction,available,8.75,31.41,medium,low,11,porkbun,,,28/09/2026 22:54
08acbb84-648f-46f7-ae60-d5d5d61ae737,bunco.construction,available,38.99,38.99,medium,low,5,namesilo,,,14/09/2026 07:59
d41ff94c-6998-4b7b-944f-3a111658a188,glued.construction,available,15.99,50.99,high,low,5,name.com,,,20/08/2026 15:12
074f0f9f-877e-406b-8137-f0e3365a27bc,vinyl.construction,available,8.75,31.41,high,low,5,porkbun,,,29/09/2026 20:35
5250ff61-63c4-4642-ae0b-c6ec9d3e74b8,variables.construction,available,15.99,,medium,low,9,name.com,,,
ea371935-3b73-4b53-b919-603dae623b28,acts.construction,available,30.2,30.2,high,low,4,cloudflare,,,28/09/2026 18:10
33be589f-c15f-47f4-aa86-8e6d8e2a485a,idiomatic.construction,available,15.99,50.99,high,low,9,name.com,,,21/08/2026 18:07
607afcba-b0ea-4c1b-af5e-be033359d0cd,epos.construction,available,15.99,50.99,high,low,4,name.com,,,17/08/2026 10:28
713f5d00-1b37-4f7a-aa4c-624e6e7bf84e,squatting.construction,available,38.99,38.99,medium,low,9,namesilo,,,10/09/2026 17:35
98ebd2c7-7729-4bb3-9c41-b1d9ef913c2d,beagle.construction,available,40.98,50.98,high,low,6,namecheap,,,22/09/2026 19:37
a36d7910-c9f2-40a2-ab98-68b36bb5f9a2,harley.construction,available,38.99,38.99,high,low,6,namesilo,,,25/09/2026 12:17
fe68daa1-f9f8-403c-8a51-581964ced20b,sheriff.construction,available,38.99,38.99,high,low,7,namesilo,,,27/09/2026 15:50
7a883bce-1d8f-4c7a-b349-0ecd4c59ffd1,mindful.construction,available,15.99,50.99,high,low,7,name.com,,,24/08/2026 23:36
5ff74d71-7b9f-4af8-8d98-6c8ce17c4586,warmth.construction,available,38.99,38.99,high,low,6,namesilo,,,28/09/2026 11:06
89da8f28-21d7-4276-9ac1-4800e00c180f,icons.construction,available,15.99,,high,low,5,name.com,,,
8ed09cc3-9c36-412f-8dbb-880c589228e9,acrylic.construction,available,15.99,50.99,high,low,7,name.com,,,17/09/2026 04:05
5980f89a-904e-46a6-bab9-430f37d20c70,fatten.construction,available,15.99,50.99,medium,low,6,name.com,,,17/08/2026 23:09
fbe9f3b8-53ac-4f29-a1cb-360fd62e90cf,comparison.construction,available,38.99,38.99,high,low,10,namesilo,,,24/09/2026 16:42
abb6c839-60cc-46bc-95ae-48695fb62e5e,earliest.construction,available,40.98,50.98,high,low,8,namecheap,,,24/09/2026 12:55
1ff0de1f-d382-4b3a-99d2-08e6080a078f,gushing.construction,available,15.99,50.99,high,low,7,name.com,,,11/08/2026 10:18
2a881ab4-8f21-4732-946c-111cd4c61733,instructed.construction,available,30.2,30.2,medium,low,10,cloudflare,,,28/09/2026 04:56
a6cdd80f-597f-484d-bf53-5e61482a6059,gravitational.construction,available,40.98,50.98,medium,low,13,namecheap,,,29/09/2026 10:18
b5b79f36-176b-4e29-8870-9eaf20214bad,babble.construction,available,38.99,38.99,high,low,6,namesilo,,,21/09/2026 12:19
ee23984a-d63a-4950-9640-7482fa19cdee,bloomfield.construction,available,38.99,38.99,high,low,10,namesilo,,,25/09/2026 21:57
a474bf00-27d9-4465-b6ea-d79ae8ef646e,overblown.construction,available,40.98,50.98,medium,low,9,namecheap,,,04/09/2026 20:19
714a7ffe-6ba6-49f8-b1ee-82fd5fbae472,variant.construction,available,38.99,38.99,high,low,7,namesilo,,,13/09/2026 01:15
66d6d152-b141-4ab1-b27e-8bd418fb07d0,mortified.construction,available,15.99,50.99,medium,low,9,name.com,,,18/08/2026 20:17
be7226a9-5cfa-4652-bac0-440758ccb6cb,crystal.construction,premium,102.67,102.67,high,low,7,spaceship,,,29/09/2026 12:25
085b7aec-93b6-4b40-a87e-66fdaa6e888a,patches.construction,available,38.99,38.99,high,low,7,namesilo,,,17/09/2026 08:45
755cf3d7-8956-4979-ae94-3eb04006c719,suggested.construction,available,38.99,38.99,medium,low,9,namesilo,,,18/09/2026 13:48
f94ba13f-9720-4389-872c-d31de9773b97,unsavory.construction,available,15.99,50.99,medium,low,8,name.com,,,14/08/2026 13:05
48cb1629-3cb0-4073-9db5-4c497a002788,barrage.construction,available,38.99,38.99,medium,low,7,namesilo,,,22/09/2026 07:57
118afca3-1a9c-4328-8eb7-38813d093897,gaylord.construction,available,30.2,30.2,high,low,7,cloudflare,,,29/09/2026 03:38
1a16bb23-afd4-440b-a839-9ffbf9edb812,unparallel.construction,available,38.99,38.99,medium,low,10,namesilo,,,12/09/2026 16:27
d9054499-a318-4635-89ac-02321265875f,brockhouse.construction,available,38.99,38.99,medium,low,10,namesilo,,,23/09/2026 10:18
a84eee11-7d9a-43b7-817f-86ea7cb59c44,unharmed.construction,available,38.99,38.99,high,low,8,namesilo,,,12/09/2026 12:00
e71f322c-ee18-4abf-b059-470a28a8c7fc,origen.construction,available,8.78,32.21,high,low,6,dynadot,,,29/09/2026 13:37
8c56a988-d58e-44e6-bba3-b0664e76b437,buyer.construction,available,38.99,38.99,high,low,5,namesilo,,,29/09/2026 05:39
695362fe-04f3-4120-b0fb-95890595e2b6,promethium.construction,available,38.99,38.99,medium,low,10,namesilo,,,20/09/2026 23:23
b84e2525-2532-494e-9f8b-deafb0b0244d,forbidding.construction,available,15.99,50.99,medium,low,10,name.com,,,18/08/2026 11:08
38f88dab-7a83-464f-bc53-9a1d5a596250,dummy.construction,available,38.99,38.99,high,low,5,namesilo,,,24/09/2026 12:20
c5149f35-d6f2-4f19-a4ae-4cc37148f858,darkened.construction,available,15.99,50.99,medium,low,8,name.com,,,13/08/2026 18:08
5810508c-bd78-4506-b6dd-ba832adc1c45,annette.construction,available,8.78,32.21,medium,low,7,dynadot,,,28/09/2026 04:47
a8d287f6-ecbc-4bb0-826c-ddb8a9654a5a,alain.construction,available,38.99,38.99,high,low,5,namesilo,,,27/09/2026 07:38
b469e879-bfcc-4bc5-81af-3e704d360550,delaware.construction,premium,78.54,78.54,high,low,8,namesilo,,,29/09/2026 06:32
a14e2db2-695d-4ba6-8ccd-b88e7282a7bd,wives.construction,available,15.99,,medium,low,5,name.com,,,
b616699a-8671-442d-a0b5-3851bf8b8922,lurk.construction,available,38.99,38.99,high,low,4,namesilo,,,11/09/2026 08:38
edb6171d-0d32-4af6-8678-cba6fe43fa73,rhymed.construction,available,15.99,50.99,high,low,6,name.com,,,09/09/2026 16:51
13c342f9-867f-451c-aec4-a14d526062e6,accurately.construction,available,38.99,38.99,high,low,10,namesilo,,,28/09/2026 11:42
42ca39b2-3d36-4bdf-bf3a-67356f9ae7ff,valueable.construction,available,15.99,,medium,low,9,name.com,,,
b2abc990-e285-407c-92a5-2ed9765e6880,passionate.construction,available,38.99,38.99,high,low,10,namesilo,,,27/09/2026 02:53
bc2f9254-e690-4104-a559-257218ddb8e7,nobelium.construction,available,38.99,38.99,medium,low,8,namesilo,,,20/09/2026 21:58
05e000c9-e63b-47df-a6a3-b973a79e4bf7,probation.construction,available,8.75,31.41,high,low,9,porkbun,,,28/09/2026 10:46
7c36f637-5071-41a0-b792-9281eda4f595,heels.construction,available,38.99,38.99,high,low,5,namesilo,,,27/09/2026 10:19
6077ce95-6265-47ff-a025-e5488fd0ee9d,zealously.construction,available,38.99,38.99,medium,low,9,namesilo,,,16/09/2026 11:50
c063ad93-50aa-4c37-8bb4-688b5539adda,ninefold.construction,available,38.99,38.99,medium,low,8,namesilo,,,03/09/2026 17:31
b3f7a7fb-59a8-45c2-b325-fc22df645eca,voluntary.construction,available,38.99,38.99,high,low,9,namesilo,,,13/09/2026 07:07
062058a6-23ab-455b-8aa4-f13a45e3aa7a,reasonless.construction,available,15.99,50.99,medium,low,10,name.com,,,11/08/2026 22:42
c047ade7-c738-454d-a177-866ae411ff69,heroine.construction,available,38.99,38.99,high,low,7,namesilo,,,29/09/2026 07:16
6a4bbad9-f14d-475a-944a-1f03772f832a,braless.construction,available,15.99,50.99,low,low,7,name.com,,,08/08/2026 18:29
a051cd93-93ab-4758-a7fb-e662b2163dc3,usb.construction,available,40.98,50.98,high,low,3,namecheap,,,28/09/2026 03:21
dce50488-2ea3-49d1-9ad7-8aa9f66bd84f,visibly.construction,available,38.99,38.99,medium,low,7,namesilo,,,16/09/2026 11:04
41174bbc-83e7-41ce-9d4e-decd32e9efb1,sponsors.construction,available,38.99,38.99,medium,low,8,namesilo,,,29/09/2026 11:40
94bc80ee-c545-444f-80d9-76daaa15fe17,takes.construction,available,15.99,,medium,low,5,name.com,,,
3c551809-643c-486e-9688-6eac2430c5f6,injection.construction,available,30.2,30.2,high,low,9,cloudflare,,,28/09/2026 06:02
3f5a8cd1-3769-41d9-a5ae-2a6178dcb629,pitt.construction,available,40.98,50.98,high,low,4,namecheap,,,25/09/2026 06:04
8fa1dcfd-8995-4405-a575-2641c3e91788,looker.construction,available,15.99,50.99,high,low,6,name.com,,,22/08/2026 16:48
6517abba-de74-4f32-8c68-b6b0013efd62,daddy.construction,available,38.99,38.99,high,low,5,namesilo,,,27/09/2026 04:35
50864027-06a3-4d91-a838-ba0691f0de9d,ably.construction,available,15.99,50.99,high,low,4,name.com,,,13/09/2026 16:20
60f174ef-3a61-46dd-a0ac-740c00d506b4,restructure.construction,available,15.99,,high,low,11,name.com,,,
c709d6d1-5495-45c4-83b3-09dcca3bb234,advantages.construction,available,40.98,50.98,medium,low,10,namecheap,,,17/09/2026 07:07
aebf23d3-7c98-4a5e-8bd4-ed2635e607ef,molto.construction,available,38.99,38.99,medium,low,5,namesilo,,,15/09/2026 15:19
22d707d5-543e-47f5-af22-170a7beb0cc9,hedge.construction,available,38.99,38.99,high,low,5,namesilo,,,29/09/2026 22:33
b79cb904-035b-4c4e-a531-40f322b78fb3,locations.construction,available,30.2,30.2,medium,low,9,cloudflare,,,28/09/2026 17:11
ff21bd9f-bb41-4b8a-a70d-c228e56ef95e,insult.construction,available,40.98,50.98,high,low,6,namecheap,,,17/09/2026 14:53
277105c4-522a-4de1-8c1a-33626c5e132d,hardy.construction,available,38.99,38.99,high,low,5,namesilo,,,22/09/2026 12:21
a7d76d69-2158-45ba-9bd2-975a02e5e087,bros.construction,available,38.99,38.99,medium,low,4,namesilo,,,18/09/2026 13:28
c2c88776-0537-48ab-b00b-88f8c37c4e12,lingually.construction,available,38.99,38.99,medium,low,9,namesilo,,,15/09/2026 12:28
6fa4fb6d-7cd6-463f-88c7-21e84bceeccd,splurge.construction,available,40.98,50.98,high,low,7,namecheap,,,23/09/2026 17:20
86071b5b-02c6-44a1-87f7-433752db2036,absorber.construction,available,40.98,50.98,high,low,8,namecheap,,,16/09/2026 18:17
b464e6e2-ff60-4e70-9d53-0f4d7e7cf670,lap.construction,premium,78.54,78.54,high,low,3,namesilo,,,28/09/2026 02:11
6390c391-e3da-4197-b899-0e5f7d042521,spirit.construction,available,38.99,38.99,high,medium,6,namesilo,,,29/09/2026 15:41
d3f36d14-af9e-42fb-9828-1b20fa10de37,oblige.construction,available,38.99,38.99,high,low,6,namesilo,,,03/09/2026 23:41
128bf189-f32a-43fb-b793-dc47dec02fc6,julien.construction,available,31.25,31.25,high,low,6,spaceship,,,28/09/2026 03:56
379038ae-cdb3-4ce0-8bd3-a6a175353e6d,scholarship.construction,available,38.99,38.99,high,low,11,namesilo,,,28/09/2026 03:18
53bc527f-7f2c-47ac-81d4-3842784e5dad,mincing.construction,available,15.99,50.99,high,low,7,name.com,,,13/08/2026 15:43
e2d33c8c-378e-43bc-9877-808e07b45ea5,eased.construction,available,15.99,50.99,high,low,5,name.com,,,
846544ab-4866-4378-bd91-b7a42bca1067,twisting.construction,available,38.99,38.99,high,low,8,namesilo,,,11/09/2026 21:52
6b6433a9-4183-4b53-bcb4-9b9ffc6b7a7b,barbary.construction,available,38.99,38.99,medium,low,7,namesilo,,,22/09/2026 04:32
ab6154a1-50d2-448c-a4ad-6b5cb92e591b,foldaway.construction,available,15.99,50.99,high,low,8,name.com,,,18/08/2026 10:07
d580e338-f513-445b-bd47-badea6d9fa23,bagpiper.construction,available,40.98,50.98,high,low,8,namecheap,,,21/09/2026 18:28
be54b59f-75ea-4889-a157-2be09a4c72ce,tartaric.construction,available,38.99,38.99,medium,low,8,namesilo,,,11/09/2026 08:48
43df27df-a7e9-47ec-b113-eb755487c9f7,honours.construction,available,38.99,38.99,high,low,7,namesilo,,,30/09/2026 01:53
d6b6739e-3880-4497-b6d3-17348679804d,hiatus.construction,available,38.99,38.99,high,low,6,namesilo,,,16/09/2026 14:09
1407357c-ee34-4761-aee8-a35cd942c27b,heady.construction,available,15.99,50.99,medium,low,5,name.com,,,18/08/2026 10:29
da702c3d-feba-4c55-94ea-566ee5a95dd9,febrile.construction,available,15.99,50.99,medium,low,7,name.com,,,18/08/2026 00:27
9ca2c7ad-1d3c-43be-bddc-2f6446d2c733,shitlist.construction,available,38.99,38.99,medium,low,8,namesilo,,,24/09/2026 00:19
86fe740b-5620-46be-ac50-bd0afc021e92,weigh.construction,available,31.25,31.25,high,low,5,spaceship,,,28/09/2026 02:22
a28c08ef-4c46-4de2-b47c-933ad66f9c0f,astronaut.construction,available,40.98,50.98,high,low,9,namecheap,,,20/09/2026 17:56
a6071d73-127b-4037-941a-3533a3a8d2c8,baleen.construction,available,38.99,38.99,medium,low,6,namesilo,,,21/09/2026 21:51
5f11a7fe-f0f2-427c-a276-8ca7b5c25fdf,sinatra.construction,available,30.2,30.2,high,low,7,cloudflare,,,29/09/2026 18:57
203d2def-7503-4a74-8a28-4930549a8be2,langdon.construction,available,38.99,38.99,medium,low,7,namesilo,,,28/09/2026 16:35
c46bca21-cc42-4dd6-bc98-5d05e9e25132,queenlike.construction,available,38.99,38.99,medium,low,9,namesilo,,,09/09/2026 07:54
63dc8fdd-2862-4647-b7d8-435dac9fd00c,latter.construction,available,38.99,38.99,high,low,6,namesilo,,,25/09/2026 13:08
0b6cfb28-b4e1-43fa-b3cb-3f1720428c02,often.construction,available,38.99,38.99,high,low,5,namesilo,,,28/09/2026 14:58
da3cf907-ad87-414b-8a42-af04709a3831,incisively.construction,available,38.99,38.99,medium,low,10,namesilo,,,15/09/2026 07:42
ecc828f7-d8d9-443e-aa9d-78db2e565447,piddle.construction,available,38.99,38.99,low,low,6,namesilo,,,13/09/2026 08:06
056a533b-7b3b-4b0c-8495-b19110ce3329,empowering.construction,available,15.99,,high,low,10,name.com,,,
358e0527-b836-460d-842a-0baefc0809b2,crusted.construction,available,15.99,50.99,medium,low,7,name.com,,,13/08/2026 09:22
e540b2d3-c750-459c-b6fa-2cc0b04bd1e0,santa.construction,available,30.2,30.2,high,low,5,cloudflare,,,29/09/2026 19:01
25635866-c2e0-44d0-b636-199f08c22ce1,tandem.construction,available,38.99,38.99,high,low,6,namesilo,,,15/09/2026 06:56
9f7158e4-557c-45f3-a2af-7d2657f20369,yates.construction,available,40.98,50.98,high,low,5,namecheap,,,25/09/2026 16:03
7d24db43-3158-4be6-be53-3f18edd1a2b1,dark.construction,available,40.98,50.98,high,medium,4,namecheap,,,24/09/2026 04:29
b87d618b-2400-41ab-97f3-f26845c10111,limpkin.construction,available,38.99,38.99,medium,low,7,namesilo,,,19/09/2026 23:59
85662405-af1d-40b9-bfaf-63b6e442a9f4,nigh.construction,available,15.99,50.99,medium,low,4,name.com,,,12/08/2026 12:04
6fb99e4b-ca4b-4304-910a-ca82bcb953e4,gyral.construction,available,15.99,50.99,medium,low,5,name.com,,,20/08/2026 21:19
f1e31ca0-eee2-4077-a25e-a84562fe7e1f,foster.construction,premium,118.8,118.8,high,low,6,namesilo,,,18/08/2026 13:22
5df66afd-68fe-4ba3-9fa2-5b624eeb2e04,veronal.construction,available,38.99,38.99,medium,low,7,namesilo,,,22/09/2026 04:56
d2ce8191-f1a8-47ab-ae2a-7f0fe7afa3fb,henry.construction,premium,118.8,118.8,high,low,5,namesilo,,,25/09/2026 07:16
49790f9f-f06a-4dd5-a813-64ebc20f8b1d,lousy.construction,available,38.99,38.99,medium,low,5,namesilo,,,24/09/2026 01:33
2ac0bb6c-9a10-47c1-9700-9f2202263c42,toot.construction,available,38.99,38.99,high,low,4,namesilo,,,23/09/2026 01:30
cfe1e296-3d7c-49d5-945f-62e2a83496e8,buckshee.construction,available,15.99,50.99,medium,low,8,name.com,,,11/08/2026 07:33
ff196be9-57a3-44ff-af90-edaaa9908b39,alcazar.construction,available,40.98,50.98,high,low,7,namecheap,,,18/09/2026 03:51
a3436d12-22af-452f-bf37-203c117587d0,animalism.construction,available,38.99,38.99,medium,low,9,namesilo,,,19/09/2026 08:55
188f9536-0f1b-4d5b-96fb-afec8d0468f6,cresson.construction,available,15.99,50.99,medium,low,7,name.com,,,13/08/2026 06:16
7c6328a0-2a98-4927-a9b4-b728b9039b18,unconscious.construction,available,38.99,38.99,medium,low,11,namesilo,,,26/09/2026 03:06
b998282a-146e-44f2-ad7f-0e8bc3f9fb17,processed.construction,available,8.78,32.21,medium,low,9,dynadot,,,28/09/2026 08:40
1175703c-aca0-4cb2-98a5-baf796381106,sandals.construction,available,40.98,50.98,high,low,7,namecheap,,,20/09/2026 14:52
3638169c-1b7d-4d42-9c4e-ffc57ba137c1,spontaneity.construction,available,15.99,,high,low,11,name.com,,,
25488e2c-7a78-4e59-be39-e397b7043082,lavoisier.construction,available,38.99,38.99,medium,low,9,namesilo,,,19/09/2026 15:25
a76d3b36-eabe-4715-b2c4-722e9995f0ad,stratified.construction,available,15.99,50.99,medium,low,10,name.com,,,09/08/2026 06:36
7a32d82a-0a37-4fa0-87bd-e0eaf264a2be,honcho.construction,available,15.99,50.99,high,low,6,name.com,,,10/08/2026 20:40
a3a01874-1ae9-4ba0-b62e-4e2964271cd3,absolutism.construction,available,40.98,50.98,medium,low,10,namecheap,,,16/09/2026 18:00
70162842-73a1-4f39-b042-7ac3a997abdc,movie.construction,available,31.25,31.25,high,low,5,spaceship,,,28/09/2026 03:21
0530cc68-9acd-4a08-b6ca-6128e7136c00,alarming.construction,available,15.99,50.99,medium,low,8,name.com,,,
64b2fae6-e7b0-44dc-acd2-bb50405b4485,huffy.construction,available,15.99,50.99,medium,low,5,name.com,,,21/08/2026 14:40
09338027-72ec-4e3a-a289-ada5c0ad6195,reilly.construction,available,38.99,38.99,high,low,6,namesilo,,,27/09/2026 02:49
a49378b2-f2af-4042-b85c-8bc2683fff7b,offstage.construction,available,15.99,50.99,high,low,8,name.com,,,08/08/2026 06:14
a8b6829d-7f2a-420f-9bd5-bcf27ee67a4b,northerner.construction,available,38.99,38.99,high,low,10,namesilo,,,13/09/2026 14:16
0978a790-a0cd-4808-bed3-fd9ecbfbac9d,dhaka.construction,available,38.99,38.99,medium,low,5,namesilo,,,29/09/2026 06:13
5dfa2ca5-f922-4981-a24a-b88566da0110,ataraxia.construction,available,40.98,50.98,high,low,8,namecheap,,,20/09/2026 19:35
28a1f254-3baa-4d25-b9c0-61d779002b5f,person.construction,available,40.98,50.98,high,low,6,namecheap,,,25/09/2026 09:11
cd2f44a5-ea92-429b-b4c7-9628c2408607,amiens.construction,available,30.2,30.2,medium,low,6,cloudflare,,,29/09/2026 04:12
0be90a40-a930-4fa6-a345-9ccbc6782945,stout.construction,available,15.99,50.99,high,low,5,name.com,,,21/08/2026 00:54
f44baeac-811c-43e0-9af4-3da5ee24c522,disdain.construction,available,38.99,38.99,medium,low,7,namesilo,,,24/09/2026 17:41
6b85f21e-6b8d-406c-9c4e-c765d6a40474,arrears.construction,available,38.99,38.99,high,low,7,namesilo,,,20/09/2026 08:55
db5e1d11-f9bc-4acf-a27a-0bbb76126fa5,chinese.construction,available,15.99,50.99,high,low,7,name.com,,,12/08/2026 05:43
eb0bff36-9ad0-4473-9c12-feb2c79a87df,displacement.construction,available,31.25,31.25,high,low,12,spaceship,,,29/09/2026 21:00
ea71e632-406c-49ef-a09c-32b950109879,incitive.construction,available,15.99,50.99,medium,low,8,name.com,,,22/08/2026 01:27
a31ebf14-c7a6-4a9c-b145-fbe13f63d001,necked.construction,available,38.99,38.99,medium,low,6,namesilo,,,03/09/2026 14:40
bfe79bf8-18c6-4416-be75-8ea000065278,katharsis.construction,available,38.99,38.99,medium,low,9,namesilo,,,16/09/2026 17:05
3813e770-3c3f-4034-aa3f-db9dd275e390,educated.construction,available,38.99,38.99,high,low,8,namesilo,,,24/09/2026 13:27
45ee95f5-fd0d-4975-8218-f3940f02a68c,yon.construction,premium,118.8,118.8,medium,low,3,namesilo,,,13/09/2026 14:47
14d0dec8-fcdc-4edc-92bc-17e971412476,biomass.construction,available,40.98,50.98,high,low,7,namecheap,,,23/09/2026 18:29
8298c790-cede-4dd6-bdf1-2a59c774b3dd,sighs.construction,available,30.2,30.2,medium,low,5,cloudflare,,,30/09/2026 00:18
07183fbf-9421-4422-acda-004583d06497,aorta.construction,available,40.98,50.98,high,low,5,namecheap,,,19/09/2026 16:04
0ff1b5da-9a84-4aba-9274-52deab261679,redress.construction,available,38.99,38.99,high,low,7,namesilo,,,09/09/2026 17:27
3ba7c779-7c4b-4c13-88d4-b15396000680,capsule.construction,available,31.25,31.25,high,low,7,spaceship,,,28/09/2026 05:53
f5eaa600-864a-48b8-ba44-84c9c8f2d2bf,nutty.construction,available,15.99,50.99,high,low,5,name.com,,,06/08/2026 21:27
4ab9ef89-2f8b-4c47-b72d-29069160d55f,campaign.construction,available,40.98,50.98,high,low,8,namecheap,,,29/09/2026 06:11
793c22b1-df13-4e30-88f9-2cc0406aea68,hebrides.construction,available,30.2,30.2,high,low,8,cloudflare,,,29/09/2026 13:01
c2565585-afeb-43cc-9ce6-9dcab1524546,postmortal.construction,available,38.99,38.99,medium,low,10,namesilo,,,09/09/2026 00:33
f9af7620-853e-4ce3-baa9-93c03d15a09f,seats.construction,available,15.99,,high,low,5,name.com,,,
d91064b2-3211-4855-a546-46ceb2f02536,scoffing.construction,available,15.99,50.99,medium,low,8,name.com,,,22/08/2026 12:43
f9c0043e-7b2b-4793-b125-0186a4e53f42,coalescing.construction,available,15.99,50.99,medium,low,10,name.com,,,12/08/2026 13:53
469a02dd-bc12-4053-84bd-fa795783fd11,apologist.construction,available,38.99,38.99,medium,low,9,namesilo,,,19/09/2026 18:45
a0ee4a43-4e9a-420a-9396-113bb52a3c41,monkish.construction,available,15.99,50.99,medium,low,7,name.com,,,25/08/2026 04:53
a010ee5d-89f8-4aec-bf1f-4afb84f35fd4,scenario.construction,available,8.78,32.21,high,low,8,dynadot,,,28/09/2026 06:43
3decddd9-cdfe-419e-9469-9564df6950ef,assay.construction,available,38.99,38.99,high,low,5,namesilo,,,20/09/2026 15:54
4b105f7a-93db-43b2-9328-976361e2c51e,irene.construction,premium,68.51,68.51,high,low,5,spaceship,,,28/09/2026 21:21
d11fb5ea-8ed7-4afa-a746-dfa3a04ec899,consequently.construction,available,40.98,50.98,medium,low,12,namecheap,,,29/09/2026 10:11
2ffe4f24-47cf-4b42-a88e-9ab635866082,agendum.construction,available,38.99,38.99,medium,low,7,namesilo,,,17/09/2026 17:05
8665a43f-b367-4b35-bb41-8325bc0a6a43,pusher.construction,available,38.99,38.99,high,low,6,namesilo,,,21/09/2026 13:22
3d42055b-52d8-4a85-a924-951fd535e520,hunchback.construction,available,15.99,50.99,medium,low,9,name.com,,,13/08/2026 07:49
65388c91-eafb-4fdd-a0e1-fe87a54388d8,ballup.construction,available,38.99,38.99,medium,low,6,namesilo,,,21/09/2026 23:27
318cda7d-820f-49b0-adff-85134f0a1862,insolvent.construction,available,15.99,50.99,medium,low,9,name.com,,,08/08/2026 13:34
9148991c-fe17-4653-ac78-3f0e874f9bac,broadsheet.construction,available,15.99,50.99,high,low,10,name.com,,,11/08/2026 05:08
a419eb72-8168-456b-8cfb-37dd7502d699,gunn.construction,available,38.99,38.99,medium,low,4,namesilo,,,27/09/2026 01:35
06442a71-083d-4296-a1f6-12d1d4246790,jugular.construction,available,15.99,50.99,medium,low,7,name.com,,,22/08/2026 14:16
74fdf240-d2f2-47b7-aa9d-24426598fc19,hormones.construction,available,38.99,38.99,medium,low,8,namesilo,,,28/09/2026 23:02
5cc991f1-9b7d-40f9-922b-9c269ff9a89d,populated.construction,available,38.99,38.99,high,low,9,namesilo,,,08/09/2026 23:55
47fa1c2c-a49b-40f8-9469-73a60f066e35,bartender.construction,available,38.99,38.99,high,low,9,namesilo,,,22/09/2026 06:18
a318c9a8-951f-4113-a873-32d3c74177d5,twice.construction,available,31.25,31.25,medium,low,5,spaceship,,,28/09/2026 14:37
b70733d4-66f1-4dec-9ab9-f803d9a0b4ba,relaxing.construction,available,15.99,50.99,high,low,8,name.com,,,09/09/2026 13:30
4d863f3d-461e-4a09-9d46-42b65c61f5e1,allergist.construction,available,8.78,32.21,medium,low,9,dynadot,,,28/09/2026 20:30
fe02d7ec-e6cf-448d-a85e-ff80b67979a0,prolife.construction,available,40.98,50.98,high,low,8,namecheap,,,27/09/2026 06:51
c64e3211-87b0-4b81-b8d9-4536bb28b949,niner.construction,available,15.99,50.99,medium,low,5,name.com,,,
dd41e5a7-37b4-4959-8445-0b4be7d305d3,leak.construction,available,15.99,,high,low,4,name.com,,,
08d9eba4-941e-4841-869d-132455209134,sydney.construction,premium,118.8,118.8,high,low,6,namesilo,,,25/09/2026 10:47
c496eb7c-2433-4570-93f2-1123a0f4ac5b,kindred.construction,available,15.99,50.99,high,low,7,name.com,,,
f78e3015-3aa0-467f-9e51-28341b217508,minded.construction,available,15.99,50.99,high,low,6,name.com,,,24/08/2026 23:35
8f2b6303-0d0b-44b2-acbf-96a04fc9e01e,sucks.construction,available,38.99,38.99,medium,low,5,namesilo,,,18/09/2026 11:29
55e28cbc-4428-40a6-9bde-28fadfd90b81,equipping.construction,available,38.99,38.99,medium,low,9,namesilo,,,20/09/2026 07:13
fa2a0ebb-5a79-4b5d-889b-fa0260f7710a,photographic.construction,available,31.25,31.25,high,low,12,spaceship,,,28/09/2026 21:08
91b9dc21-c5ad-4a27-9ceb-4b09f93947cb,saba.construction,available,40.98,50.98,high,low,4,namecheap,,,29/09/2026 02:04
217477b5-253b-49c1-8ca5-7faa635d3817,kidding.construction,available,31.25,31.25,high,low,7,spaceship,,,29/09/2026 03:02
66ddd7d4-1178-47e3-b934-be6fe13c359b,acyl.construction,available,38.99,38.99,medium,low,4,namesilo,,,17/09/2026 05:49
11f8224d-cc01-4c61-8fe2-9c792dfbeb8d,send.construction,available,30.2,30.2,high,medium,4,cloudflare,,,29/09/2026 04:28
2733d973-9fa9-4556-b8d5-a801171cbeab,vapor.construction,available,30.2,30.2,high,low,5,cloudflare,,,29/09/2026 18:48
196e719b-7631-4e13-bf8b-d4592a3f96ee,triennial.construction,available,38.99,38.99,high,low,9,namesilo,,,11/09/2026 19:31
bcd132a7-382d-43a9-9b47-1868a847199c,balaena.construction,available,40.98,50.98,medium,low,7,namecheap,,,21/09/2026 20:30
accccdc9-0ff7-4a35-9701-41265d78cb3f,hadrian.construction,available,38.99,38.99,high,low,7,namesilo,,,17/09/2026 09:58
46b3de0a-da9d-4a62-9869-17fc5f00a51f,swiftly.construction,available,31.25,31.25,high,low,7,spaceship,,,28/09/2026 14:53
82fc6102-75e3-465e-8b27-a63b82de806e,homicide.construction,available,38.99,38.99,medium,low,8,namesilo,,,25/09/2026 07:26
90132079-2edc-46a5-8a7d-bad5b0646774,brut.construction,available,15.99,50.99,medium,low,4,name.com,,,11/08/2026 07:07
79eabc63-492f-4d94-9c31-0b7df381b073,apiarist.construction,available,40.98,50.98,medium,low,8,namecheap,,,19/09/2026 17:19
900d3643-c265-4fe9-82b5-d5bf1099c2dc,natal.construction,available,38.99,38.99,medium,low,5,namesilo,,,03/09/2026 13:37
5bda96bf-3ee7-47ad-b1a3-dc3f7c3b3188,goose.construction,available,38.99,38.99,high,medium,5,namesilo,,,24/09/2026 07:50
ecb0c68d-3bac-40cd-9863-19682e2b55ea,physically.construction,available,38.99,38.99,medium,low,10,namesilo,,,19/09/2026 14:53
964690d4-5896-453a-99dd-3466ee1d912e,bellbird.construction,available,38.99,38.99,medium,low,8,namesilo,,,23/09/2026 05:55
52cb638e-3ff9-481f-b0b4-ce1b466226f0,pizza.construction,available,30.2,30.2,high,medium,5,cloudflare,,,28/09/2026 04:34
533c6c59-9e95-4773-a2d1-0e8a873f757b,throats.construction,available,40.98,50.98,medium,low,7,namecheap,,,20/09/2026 08:21
5daac709-3b74-4880-91e0-9ba6ef676126,albert.construction,premium,118.8,118.8,high,low,6,namesilo,,,18/09/2026 02:35
ae2c92d3-ca4f-4cbc-91b8-1e854622fb66,mislaid.construction,available,15.99,50.99,medium,low,7,name.com,,,25/08/2026 01:30
6613e10d-be3f-438d-8f58-57ba332da8b1,pot.construction,premium,128.7,128.7,high,low,3,namecheap,,,25/09/2026 20:52
478994af-2c14-4e53-afcf-bed6989ef237,modesty.construction,available,15.99,,high,low,7,name.com,,,
b85bfc7e-0257-49ea-9947-1845fbcdd294,hewn.construction,available,15.99,50.99,medium,low,4,name.com,,,20/08/2026 23:16
e8dbaa89-7044-4d60-96fe-397e808685d5,genitive.construction,available,15.99,50.99,medium,low,8,name.com,,,18/08/2026 21:46
af55de22-f03b-438d-b6ab-c1f1f62690bc,snail.construction,available,38.99,38.99,high,low,5,namesilo,,,29/09/2026 06:48
95996e4c-7d9e-4d7a-8622-b46e58bc27dd,evoked.construction,available,15.99,50.99,medium,low,6,name.com,,,16/08/2026 04:33
00245a74-eacb-4e0f-aea3-fb5102fd4ff8,soigne.construction,available,38.99,38.99,medium,low,6,namesilo,,,10/09/2026 13:28
c5dfa7d8-22ee-4393-8daa-56449d97b6fb,unfathomed.construction,available,38.99,38.99,medium,low,10,namesilo,,,12/09/2026 09:57
5bc0e427-6f21-44f6-96cc-23881da4b341,unpowered.construction,available,38.99,38.99,medium,low,9,namesilo,,,12/09/2026 17:18
4b4bd86b-c6a6-441b-8ff8-8eb9c25c115d,improbably.construction,available,38.99,38.99,medium,low,10,namesilo,,,15/09/2026 02:27
9f6cc075-6206-4304-960f-5ce22a19c09f,gertrude.construction,available,30.2,30.2,medium,low,8,cloudflare,,,28/09/2026 21:50
1a725310-6117-47ee-a960-19e27db9d755,aeronautic.construction,available,15.99,50.99,high,low,10,name.com,,,
384cb4c2-98ff-49c2-ad39-60155a090bed,mosquitoes.construction,available,40.98,50.98,low,low,10,namecheap,,,18/09/2026 14:22
4d47ce87-59d3-48af-9e0a-a46621cb6222,nattily.construction,available,38.99,38.99,medium,low,7,namesilo,,,15/09/2026 16:12
2bd254a9-ce93-4312-8357-e6348c0f4caf,bobby.construction,premium,207.2,207.2,high,low,5,spaceship,,,28/09/2026 13:33
d0f6ad82-90aa-4fc1-952b-d4db5e37ee78,ramp.construction,available,38.99,38.99,high,low,4,namesilo,,,18/09/2026 11:33
629236b9-a451-47fe-b694-70a8b6500187,persisting.construction,available,15.99,50.99,high,low,10,name.com,,,14/08/2026 15:05
0198225b-6287-48de-9239-0f16af6c5359,compel.construction,available,38.99,38.99,high,low,6,namesilo,,,03/09/2026 23:39
452f0fe3-6563-478e-bb5c-2b0c718fd876,sterilised.construction,available,40.98,50.98,medium,low,10,namecheap,,,10/09/2026 20:13
de19980a-a789-4a60-a18a-6f5d9010e08e,bulimic.construction,available,15.99,50.99,medium,low,7,name.com,,,11/08/2026 08:26
3c5da462-7424-4bfe-af7f-1f9b879c387a,farsighted.construction,available,15.99,50.99,high,low,10,name.com,,,17/08/2026 22:41
aeccc7a5-bd53-463b-9606-f631c5067520,index.construction,available,31.25,31.25,high,medium,5,spaceship,,,29/09/2026 19:51
86b2d122-65b0-4d8d-87c7-993e9585149f,barkeeper.construction,available,38.99,38.99,medium,low,10,namesilo,,,22/09/2026 06:23
1b233ff7-2d7a-469b-858e-17c0506d89f0,effluent.construction,available,15.99,50.99,medium,low,8,name.com,,,15/08/2026 14:47
c4a86b2e-fd3a-4ef0-b9d1-80dae87762a6,studio.construction,resell,,,high,medium,6,Dynadot Inc,16/09/2026 17:01,16/09/2027 17:01,26/09/2026 09:21
2d27c95e-42bd-4bfe-badf-8217347a7339,complain.construction,available,38.99,38.99,high,low,8,namesilo,,,27/09/2026 03:57
d1e0f82a-cfc3-434a-b00c-55d74a4e3b90,fierce.construction,available,40.98,50.98,high,low,6,namecheap,,,23/09/2026 01:48
08889361-e343-4d32-a62f-e4b5375db141,novelty.construction,available,40.98,50.98,high,low,7,namecheap,,,29/09/2026 02:33
441c537f-c7e4-4be9-9e3c-2b769ca2c7b9,perky.construction,available,38.99,38.99,high,low,5,namesilo,,,08/09/2026 17:33
001da8e2-4315-4254-9204-958754fb2e61,attractor.construction,available,38.99,38.99,high,low,9,namesilo,,,21/09/2026 02:12
8932f571-9bf2-4cf1-b1f4-16c23b599f26,extensive.construction,available,15.99,50.99,high,low,9,name.com,,,
5e10d992-1376-49f5-bbf3-9a373b3a1cd9,cries.construction,available,8.78,32.21,low,low,5,dynadot,,,28/09/2026 08:31
354f61ef-3122-4253-a6bc-0b3f10d605ea,rhapsodic.construction,available,15.99,50.99,high,low,9,name.com,,,14/08/2026 23:52
a874daf6-c77e-4c5a-8aff-a574e3a11872,offprint.construction,available,38.99,38.99,medium,low,8,namesilo,,,10/09/2026 03:57
29508444-1308-4f02-86f8-1901bcf17cb8,flashlight.construction,available,38.99,38.99,high,low,10,namesilo,,,29/09/2026 06:57
85709f49-30d9-4fc1-b3e5-94209c946a49,exposing.construction,available,30.2,30.2,medium,low,8,cloudflare,,,29/09/2026 10:25
ff2504b9-d608-49fc-9c76-05ad6b7afc03,said.construction,available,15.99,,high,low,4,name.com,,,
f6929c34-5dce-47e4-b483-a248f51b98f2,binturong.construction,available,40.98,50.98,medium,low,9,namecheap,,,20/09/2026 02:47
a4e833c3-1e5c-495e-880a-7a6837f7f095,professionals.construction,available,31.25,31.25,high,low,13,spaceship,,,28/09/2026 12:40
ddb8afe4-dea2-4ceb-ac03-bfb72f21b6c5,declared.construction,available,15.99,50.99,medium,low,8,name.com,,,13/08/2026 21:46
2ba847c6-b0c8-4897-8472-42118811a072,atp.construction,available,30.2,30.2,high,low,3,cloudflare,,,28/09/2026 18:27
c807ce42-7455-40b2-b146-82a41b003972,israelite.construction,available,31.25,31.25,high,low,9,spaceship,,,29/09/2026 01:21
6eec4740-783c-4854-97c7-e036e3cf9b3d,abide.construction,available,30.2,30.2,high,low,5,cloudflare,,,29/09/2026 04:34
90905853-cec2-462c-8dbf-45c12e43090c,empathy.construction,available,59.99,59.99,high,low,7,godaddy,,,30/09/2026 01:30
805992c2-d3fc-401a-af38-b4b448162c8f,furthest.construction,available,40.98,50.98,medium,low,8,namecheap,,,24/09/2026 17:07
00d78bb3-b2e8-4622-9c0a-f4182dbee038,rurally.construction,available,38.99,38.99,medium,low,7,namesilo,,,16/09/2026 00:20
e05f071e-81cf-4b80-b4fa-68f4a015b06c,astatic.construction,available,15.99,50.99,medium,low,7,name.com,,,07/08/2026 08:36
dbb8c612-f67e-4e9c-906c-3a3c08263148,declaration.construction,available,31.25,31.25,high,low,11,spaceship,,,28/09/2026 12:33
927ee6ac-54e5-4732-a1aa-290f27ca2b57,bitten.construction,available,40.98,50.98,low,low,6,namecheap,,,29/09/2026 10:18
6e28b0be-27c8-447b-8452-f51867857d60,irani.construction,available,15.99,50.99,high,low,5,name.com,,,22/08/2026 09:42
f2701198-efb9-4fd4-9bd7-c81d99a79414,vanzetti.construction,available,38.99,38.99,medium,low,8,namesilo,,,22/09/2026 09:26
189a06a4-dab0-488c-b472-386b701df3bb,archeology.construction,available,40.98,50.98,high,low,10,namecheap,,,20/09/2026 01:43
29db81cd-242e-4dda-bd5b-ca2bdad47e4a,glitter.construction,available,8.78,32.21,high,low,7,dynadot,,,29/09/2026 11:42
5f1021ca-7570-4204-80d1-c435d1e472a5,natchez.construction,available,40.98,50.98,high,low,7,namecheap,,,28/09/2026 14:57
31af456a-8357-4918-85d0-4c6380aabe17,decorative.construction,available,15.99,50.99,high,low,10,name.com,,,13/08/2026 02:51
dedc5050-db1f-4003-bed1-2a419afa36dc,leased.construction,available,15.99,50.99,high,low,6,name.com,,,12/08/2026 02:50
1639bf1a-b74a-47dd-8f15-9593f11ffd2c,formalise.construction,available,15.99,,high,low,9,name.com,,,
8cb40e41-a3e3-4295-b363-c3243ded5b43,demoralize.construction,available,15.99,50.99,medium,low,10,name.com,,,13/08/2026 02:16
bd804f55-59c0-4f5a-a6c5-794089f60662,inmates.construction,available,8.75,31.41,low,low,7,porkbun,,,28/09/2026 18:12
5518dbc2-da6c-4b9e-b10c-cbbc51eabfa5,durango.construction,available,31.25,31.25,medium,low,7,spaceship,,,28/09/2026 18:59